2024-06-20 07:51,1571.06,brak na stronie, Dodaj do koszyka 
2024-06-20 08:12,1568.36,brak na stronie, Dodaj do koszyka 
2024-06-20 10:02,1570.09,brak na stronie, Dodaj do koszyka 
2024-06-20 10:13,1570.09,brak na stronie, Dodaj do koszyka 
2024-06-20 10:14,1570.09,brak na stronie, Dodaj do koszyka 
2024-06-20 12:19,1571.26,brak na stronie, Dodaj do koszyka 
2024-06-20 17:09,1588.43,brak na stronie, Dodaj do koszyka 
2024-06-20 22:09,1591.10,brak na stronie, Dodaj do koszyka 
2024-06-21 12:18,1595.99,brak na stronie, Dodaj do koszyka 
2024-06-21 17:11,1566.79,brak na stronie, Dodaj do koszyka 
2024-06-21 22:10,1566.21,brak na stronie, Dodaj do koszyka 
2024-06-22 12:17,1566.21,brak na stronie, Dodaj do koszyka 
2024-06-22 17:08,1566.21,brak na stronie, Dodaj do koszyka 
2024-06-22 22:09,1566.21,brak na stronie, Dodaj do koszyka 
2024-06-23 12:18,1566.21,brak na stronie, Dodaj do koszyka 
2024-06-23 17:08,1566.21,brak na stronie, Dodaj do koszyka 
2024-06-23 22:09,1567.34,brak na stronie, Dodaj do koszyka 
2024-06-24 12:20,1554.16,brak na stronie, Dodaj do koszyka 
2024-06-24 17:09,1556.36,brak na stronie, Dodaj do koszyka 
2024-06-24 22:11,1556.96,brak na stronie, Dodaj do koszyka 
2024-06-25 12:19,1558.15,brak na stronie, Dodaj do koszyka 
2024-06-25 17:10,1552.12,brak na stronie, Dodaj do koszyka 
2024-06-25 22:09,1552.73,brak na stronie, Dodaj do koszyka 
2024-06-26 12:20,1555.80,brak na stronie, Dodaj do koszyka 
2024-06-26 17:09,1549.26,brak na stronie, Dodaj do koszyka 
2024-06-26 22:10,1549.41,brak na stronie, Dodaj do koszyka 
2024-06-27 12:19,1560.92,brak na stronie, Dodaj do koszyka 
2024-06-27 17:11,1562.40,brak na stronie, Dodaj do koszyka 
2024-06-27 22:10,1563.96,brak na stronie, Dodaj do koszyka 
2024-06-28 12:19,1566.45,brak na stronie, Dodaj do koszyka 
2024-06-28 17:10,1563.43,brak na stronie, Dodaj do koszyka 
2024-06-28 22:09,1561.21,brak na stronie, Dodaj do koszyka 
2024-06-29 12:19,1561.21,brak na stronie, Dodaj do koszyka 
2024-06-29 17:09,1561.21,brak na stronie, Dodaj do koszyka 
2024-06-29 22:11,1561.21,brak na stronie, Dodaj do koszyka 
2024-06-30 12:18,1561.21,brak na stronie, Dodaj do koszyka 
2024-06-30 17:09,1561.21,brak na stronie, Dodaj do koszyka 
2024-06-30 22:09,1559.97,brak na stronie, Dodaj do koszyka 
2024-07-01 12:21,1558.14,brak na stronie, Dodaj do koszyka 
2024-07-01 17:10,1561.56,brak na stronie, Dodaj do koszyka 
2024-07-01 22:10,1563.80,brak na stronie, Dodaj do koszyka 
2024-07-02 12:19,1560.01,brak na stronie, Dodaj do koszyka 
2024-07-02 17:10,1555.97,brak na stronie, Dodaj do koszyka 
2024-07-02 22:10,1558.60,brak na stronie, Dodaj do koszyka 
2024-07-03 12:20,1564.50,brak na stronie, Dodaj do koszyka 
2024-07-03 17:10,1563.57,brak na stronie, Dodaj do koszyka 
2024-07-03 22:10,1567.43,brak na stronie, Dodaj do koszyka 
2024-07-04 12:19,1563.19,brak na stronie, Dodaj do koszyka 
2024-07-04 17:10,1556.86,brak na stronie, Dodaj do koszyka 
2024-07-04 22:10,1557.49,brak na stronie, Dodaj do koszyka 
2024-07-05 12:19,1559.72,brak na stronie, Dodaj do koszyka 
2024-07-05 17:10,1574.74,brak na stronie, Dodaj do koszyka 
2024-07-05 22:11,1575.18,brak na stronie, Dodaj do koszyka 
2024-07-06 12:17,1575.18,brak na stronie, Dodaj do koszyka 
2024-07-06 17:08,1575.18,brak na stronie, Dodaj do koszyka 
2024-07-06 22:10,1575.18,brak na stronie, Dodaj do koszyka 
2024-07-07 12:18,1575.18,brak na stronie, Dodaj do koszyka 
2024-07-07 17:09,1575.18,brak na stronie, Dodaj do koszyka 
2024-07-07 22:10,1579.17,brak na stronie, Dodaj do koszyka 
2024-07-08 12:20,1563.13,brak na stronie, Dodaj do koszyka 
2024-07-08 17:09,1548.25,brak na stronie, Dodaj do koszyka 
2024-07-08 22:11,1551.56,brak na stronie, Dodaj do koszyka 
2024-07-09 12:21,1551.54,brak na stronie, Dodaj do koszyka 
2024-07-09 17:11,1549.77,brak na stronie, Dodaj do koszyka 
2024-07-09 22:11,1552.35,brak na stronie, Dodaj do koszyka 
2024-07-10 12:20,1558.88,brak na stronie, Dodaj do koszyka 
2024-07-10 17:09,1560.32,brak na stronie, Dodaj do koszyka 
2024-07-10 22:10,1557.13,brak na stronie, Dodaj do koszyka 
2024-07-11 12:20,1556.00,brak na stronie, Dodaj do koszyka 
2024-07-11 17:10,1577.20,brak na stronie, Dodaj do koszyka 
2024-07-11 22:10,1579.02,brak na stronie, Dodaj do koszyka 
2024-07-12 12:20,1565.17,brak na stronie, Dodaj do koszyka 
2024-07-12 17:11,1571.64,brak na stronie, Dodaj do koszyka 
2024-07-12 22:09,1568.94,brak na stronie, Dodaj do koszyka 
2024-07-13 12:17,1568.94,brak na stronie, Dodaj do koszyka 
2024-07-13 17:08,1568.94,brak na stronie, Dodaj do koszyka 
2024-07-13 22:09,1568.94,brak na stronie, Dodaj do koszyka 
2024-07-14 12:29,1568.94,brak na stronie, Dodaj do koszyka 
2024-07-14 17:15,1568.94,brak na stronie, Dodaj do koszyka 
2024-07-14 22:10,1573.21,brak na stronie, Dodaj do koszyka 
2024-07-15 12:20,1573.15,brak na stronie, Dodaj do koszyka 
2024-07-15 17:10,1579.19,brak na stronie, Dodaj do koszyka 
2024-07-15 22:10,1578.34,brak na stronie, Dodaj do koszyka 
2024-07-16 12:21,1594.20,brak na stronie, Dodaj do koszyka 
2024-07-16 17:09,1614.97,brak na stronie, Dodaj do koszyka 
2024-07-16 22:10,1617.26,brak na stronie, Dodaj do koszyka 
2024-07-17 12:20,1619.22,brak na stronie, Dodaj do koszyka 
2024-07-17 17:09,1609.34,brak na stronie, Dodaj do koszyka 
2024-07-17 22:11,1609.26,brak na stronie, Dodaj do koszyka 
2024-07-18 12:20,1615.88,brak na stronie, Dodaj do koszyka 
2024-07-18 17:10,1606.82,brak na stronie, Dodaj do koszyka 
2024-07-18 22:09,1606.28,brak na stronie, Dodaj do koszyka 
2024-07-19 12:19,1580.02,brak na stronie, Dodaj do koszyka 
2024-07-19 17:10,1576.11,brak na stronie, Dodaj do koszyka 
2024-07-19 22:11,1576.91,brak na stronie, Dodaj do koszyka 
2024-07-20 12:18,1576.91,brak na stronie, Dodaj do koszyka 
2024-07-20 17:09,1576.91,brak na stronie, Dodaj do koszyka 
2024-07-20 22:10,1576.91,brak na stronie, Dodaj do koszyka 
2024-07-21 12:19,1576.91,brak na stronie, Dodaj do koszyka 
2024-07-21 17:08,1576.91,brak na stronie, Dodaj do koszyka 
2024-07-21 22:10,1579.75,brak na stronie, Dodaj do koszyka 
2024-07-22 12:20,1570.59,brak na stronie, Dodaj do koszyka 
2024-07-22 17:10,1567.54,brak na stronie, Dodaj do koszyka 
2024-07-22 22:10,1570.85,brak na stronie, Dodaj do koszyka 
2024-07-23 12:20,1581.16,brak na stronie, Dodaj do koszyka 
2024-07-23 17:10,1580.29,brak na stronie, Dodaj do koszyka 
2024-07-23 22:11,1584.19,brak na stronie, Dodaj do koszyka 
2024-07-24 12:19,1594.76,brak na stronie, Dodaj do koszyka 
2024-07-24 17:09,1595.28,brak na stronie, Dodaj do koszyka 
2024-07-24 22:10,1583.80,brak na stronie, Dodaj do koszyka 
2024-07-25 12:20,1560.58,brak na stronie, Dodaj do koszyka 
2024-07-25 17:09,1554.81,brak na stronie, Dodaj do koszyka 
2024-07-25 22:11,1558.92,brak na stronie, Dodaj do koszyka 
2024-07-26 12:19,1558.51,brak na stronie, Dodaj do koszyka 
2024-07-26 17:10,1565.91,brak na stronie, Dodaj do koszyka 
2024-07-26 22:11,1567.64,brak na stronie, Dodaj do koszyka 
2024-07-27 12:20,1567.64,brak na stronie, Dodaj do koszyka 
2024-07-27 17:09,1567.64,brak na stronie, Dodaj do koszyka 
2024-07-27 22:09,1567.64,brak na stronie, Dodaj do koszyka 
2024-07-28 12:18,1567.64,brak na stronie, Dodaj do koszyka 
2024-07-28 17:09,1567.64,brak na stronie, Dodaj do koszyka 
2024-07-28 22:10,1568.27,brak na stronie, Dodaj do koszyka 
2024-07-29 12:20,1580.89,brak na stronie, Dodaj do koszyka 
2024-07-29 17:10,1574.46,brak na stronie, Dodaj do koszyka 
2024-07-29 22:12,1576.99,brak na stronie, Dodaj do koszyka 
2024-07-30 12:20,1575.40,brak na stronie, Dodaj do koszyka 
2024-07-30 17:09,1591.15,brak na stronie, Dodaj do koszyka 
2024-07-30 22:09,1596.16,brak na stronie, Dodaj do koszyka 
2024-07-31 12:21,1597.16,brak na stronie, Dodaj do koszyka 
2024-07-31 17:12,1604.01,brak na stronie, Dodaj do koszyka 
2024-07-31 22:10,1617.07,brak na stronie, Dodaj do koszyka 
2024-08-01 12:20,1622.26,brak na stronie, Dodaj do koszyka 
2024-08-01 17:11,1621.82,brak na stronie, Dodaj do koszyka 
2024-08-01 22:10,1626.36,brak na stronie, Dodaj do koszyka 
2024-08-02 12:19,1622.37,brak na stronie, Dodaj do koszyka 
2024-08-02 17:10,1591.76,brak na stronie, Dodaj do koszyka 
2024-08-02 22:11,1601.01,brak na stronie, Dodaj do koszyka 
2024-08-03 12:18,1601.01,brak na stronie, Dodaj do koszyka 
2024-08-03 17:09,1601.01,brak na stronie, Dodaj do koszyka 
2024-08-03 22:09,1601.01,brak na stronie, Dodaj do koszyka 
2024-08-04 12:18,1601.01,brak na stronie, Dodaj do koszyka 
2024-08-04 17:09,1601.01,brak na stronie, Dodaj do koszyka 
2024-08-04 22:11,1601.29,brak na stronie, Dodaj do koszyka 
2024-08-05 12:21,1562.00,brak na stronie, Dodaj do koszyka 
2024-08-05 17:10,1571.52,brak na stronie, Dodaj do koszyka 
2024-08-05 22:10,1580.43,brak na stronie, Dodaj do koszyka 
2024-08-06 12:20,1588.91,brak na stronie, Dodaj do koszyka 
2024-08-06 17:11,1572.65,brak na stronie, Dodaj do koszyka 
2024-08-06 22:10,brak na stronie,brak na stronie,nie dostępny
2024-08-07 12:20,1586.51,brak na stronie, Dodaj do koszyka 
2024-08-07 17:11,1583.31,brak na stronie, Dodaj do koszyka 
2024-08-07 22:10,1574.44,brak na stronie, Dodaj do koszyka 
2024-08-08 12:20,1590.86,brak na stronie, Dodaj do koszyka 
2024-08-08 17:09,1599.50,brak na stronie, Dodaj do koszyka 
2024-08-08 22:10,1604.57,brak na stronie, Dodaj do koszyka 
2024-08-09 12:20,1604.88,brak na stronie, Dodaj do koszyka 
2024-08-09 17:10,1607.37,brak na stronie, Dodaj do koszyka 
2024-08-09 22:12,1605.13,brak na stronie, Dodaj do koszyka 
2024-08-10 12:19,1605.13,brak na stronie, Dodaj do koszyka 
2024-08-10 17:08,1605.13,brak na stronie, Dodaj do koszyka 
2024-08-10 22:10,1605.13,brak na stronie, Dodaj do koszyka 
2024-08-11 12:18,1605.13,brak na stronie, Dodaj do koszyka 
2024-08-11 17:09,1605.13,brak na stronie, Dodaj do koszyka 
2024-08-11 22:11,1606.23,brak na stronie, Dodaj do koszyka 
2024-08-12 12:22,1607.53,brak na stronie, Dodaj do koszyka 
2024-08-12 17:10,1619.57,brak na stronie, Dodaj do koszyka 
2024-08-12 22:11,1625.55,brak na stronie, Dodaj do koszyka 
2024-08-13 12:21,1614.44,brak na stronie, Dodaj do koszyka 
2024-08-13 17:10,1611.99,brak na stronie, Dodaj do koszyka 
2024-08-13 22:10,1605.96,brak na stronie, Dodaj do koszyka 
2024-08-14 12:20,1608.72,brak na stronie, Dodaj do koszyka 
2024-08-14 17:09,1588.31,brak na stronie, Dodaj do koszyka 
2024-08-14 22:11,1591.96,brak na stronie, Dodaj do koszyka 
2024-08-15 12:21,1599.87,brak na stronie, Dodaj do koszyka 
2024-08-15 17:09,1599.13,brak na stronie, Dodaj do koszyka 
2024-08-15 22:11,1602.43,brak na stronie, Dodaj do koszyka 
2024-08-16 12:21,1603.88,brak na stronie, Dodaj do koszyka 
2024-08-16 17:09,1613.33,brak na stronie, Dodaj do koszyka 
2024-08-16 22:10,1618.52,brak na stronie, Dodaj do koszyka 
2024-08-17 12:18,1618.52,brak na stronie, Dodaj do koszyka 
2024-08-17 17:08,1618.52,brak na stronie, Dodaj do koszyka 
2024-08-17 22:09,1618.52,brak na stronie, Dodaj do koszyka 
2024-08-18 12:20,1618.52,brak na stronie, Dodaj do koszyka 
2024-08-18 17:08,1618.52,brak na stronie, Dodaj do koszyka 
2024-08-18 22:10,1621.36,brak na stronie, Dodaj do koszyka 
2024-08-19 12:21,1608.86,brak na stronie, Dodaj do koszyka 
2024-08-19 17:11,1610.41,brak na stronie, Dodaj do koszyka 
2024-08-19 22:11,1608.72,brak na stronie, Dodaj do koszyka 
2024-08-20 12:21,1622.26,brak na stronie, Dodaj do koszyka 
2024-08-20 17:10,1612.27,brak na stronie, Dodaj do koszyka 
2024-08-20 22:09,1613.30,brak na stronie, Dodaj do koszyka 
2024-08-21 12:20,1615.97,brak na stronie, Dodaj do koszyka 
2024-08-21 17:10,1606.89,brak na stronie, Dodaj do koszyka 
2024-08-21 22:10,1610.49,brak na stronie, Dodaj do koszyka 
2024-08-22 12:20,1604.72,brak na stronie, Dodaj do koszyka 
2024-08-22 17:10,1596.83,brak na stronie, Dodaj do koszyka 
2024-08-22 22:11,1598.62,brak na stronie, Dodaj do koszyka 
2024-08-23 12:20,1604.90,brak na stronie, Dodaj do koszyka 
2024-08-23 17:09,1598.82,brak na stronie, Dodaj do koszyka 
2024-08-23 22:10,1597.45,brak na stronie, Dodaj do koszyka 
2024-08-24 12:18,1597.45,brak na stronie, Dodaj do koszyka 
2024-08-24 17:11,1597.45,brak na stronie, Dodaj do koszyka 
2024-08-24 22:09,1597.45,brak na stronie, Dodaj do koszyka 
2024-08-25 12:19,1597.45,brak na stronie, Dodaj do koszyka 
2024-08-25 17:11,1597.45,brak na stronie, Dodaj do koszyka 
2024-08-25 22:10,1604.13,brak na stronie, Dodaj do koszyka 
2024-08-26 12:21,1615.60,brak na stronie, Dodaj do koszyka 
2024-08-26 17:10,1614.25,brak na stronie, Dodaj do koszyka 
2024-08-26 22:11,1612.53,brak na stronie, Dodaj do koszyka 
2024-08-27 12:20,1608.32,brak na stronie, Dodaj do koszyka 
2024-08-27 17:10,1611.03,brak na stronie, Dodaj do koszyka 
2024-08-27 22:10,1613.87,brak na stronie, Dodaj do koszyka 
2024-08-28 12:22,1613.60,brak na stronie,nie dostępny
2024-08-28 17:10,1612.61,brak na stronie,nie dostępny
2024-08-28 22:10,1615.87,brak na stronie,nie dostępny
2024-08-29 12:21,1623.83,brak na stronie,nie dostępny
2024-08-29 17:10,1629.68,brak na stronie,nie dostępny
2024-08-29 22:10,1628.24,brak na stronie,nie dostępny
2024-08-30 12:20,1623.98,brak na stronie,nie dostępny
2024-08-30 17:11,1615.25,brak na stronie,nie dostępny
2024-08-30 22:10,1618.92,brak na stronie,nie dostępny
2024-08-31 12:19,1618.92,brak na stronie,nie dostępny
2024-08-31 17:09,1618.92,brak na stronie,nie dostępny
2024-08-31 22:11,1618.92,brak na stronie,nie dostępny
2024-09-01 12:19,1618.92,brak na stronie,nie dostępny
2024-09-01 17:09,1618.92,brak na stronie,nie dostępny
2024-09-01 22:11,1620.68,brak na stronie,nie dostępny
2024-09-02 12:22,1611.70,1533.95,nie dostępny
2024-09-02 17:10,1609.47,1531.83, Dodaj do koszyka 
2024-09-02 22:11,1608.90,1531.28, Dodaj do koszyka 
2024-09-03 12:21,1615.08,1537.15, Dodaj do koszyka 
2024-09-03 17:11,1609.79,1532.05, Dodaj do koszyka 
2024-09-03 22:11,1613.07,1535.21, Dodaj do koszyka 
2024-09-04 12:22,1608.86,1531.18, Dodaj do koszyka 
2024-09-04 17:10,1607.31,1529.75, Dodaj do koszyka 
2024-09-04 22:10,1606.60,1529.06, Dodaj do koszyka 
2024-09-05 12:21,1612.88,1535.18, Dodaj do koszyka 
2024-09-05 17:10,1615.82,1537.93, Dodaj do koszyka 
2024-09-05 22:11,1618.50,1540.52, Dodaj do koszyka 
2024-09-06 12:21,1616.18,1538.30, Dodaj do koszyka 
2024-09-06 17:10,1605.81,1528.28, Dodaj do koszyka 
2024-09-06 22:10,1609.27,1531.62, Dodaj do koszyka 
2024-09-07 12:19,1609.27,1531.62, Dodaj do koszyka 
2024-09-07 17:10,1609.27,1531.62, Dodaj do koszyka 
2024-09-07 22:10,1609.27,1531.62, Dodaj do koszyka 
2024-09-08 12:19,1609.27,1531.62, Dodaj do koszyka 
2024-09-08 17:10,1609.27,1531.62, Dodaj do koszyka 
2024-09-08 22:10,1610.03,1532.34, Dodaj do koszyka 
2024-09-09 12:22,1615.67,1537.73, Dodaj do koszyka 
2024-09-09 17:10,1615.50,1537.58, Dodaj do koszyka 
2024-09-09 22:10,1620.62,1542.48, Dodaj do koszyka 
2024-09-10 12:23,1623.16,1544.89, Dodaj do koszyka 
2024-09-10 17:10,1629.15,1550.65, Dodaj do koszyka 
2024-09-10 22:11,1630.92,1552.35, Dodaj do koszyka 
2024-09-11 12:21,1630.73,1552.18, Dodaj do koszyka 
2024-09-11 17:10,1634.92,1556.15, Dodaj do koszyka 
2024-09-11 22:10,1632.77,1554.09, Dodaj do koszyka 
2024-09-12 12:21,1640.08,1561.10, Dodaj do koszyka 
2024-09-12 17:10,1652.82,1573.42, Dodaj do koszyka 
2024-09-12 22:12,1652.28,1572.94, Dodaj do koszyka 
2024-09-13 12:21,1657.19,1577.66, Dodaj do koszyka 
2024-09-13 17:10,1665.05,1585.25, Dodaj do koszyka 
2024-09-13 22:11,1664.54,1584.73, Dodaj do koszyka 
2024-09-14 12:20,1664.54,1584.73, Dodaj do koszyka 
2024-09-14 17:10,1664.54,1584.73, Dodaj do koszyka 
2024-09-14 22:11,1664.54,1584.73, Dodaj do koszyka 
2024-09-15 12:20,1664.54,1584.73, Dodaj do koszyka 
2024-09-15 17:09,1664.54,1584.73, Dodaj do koszyka 
2024-09-15 22:11,1662.31,1582.60, Dodaj do koszyka 
2024-09-16 12:23,1653.24,1573.99, Dodaj do koszyka 
2024-09-16 17:10,1656.33,1576.94, Dodaj do koszyka 
2024-09-16 22:10,1656.49,1577.09, Dodaj do koszyka 
2024-09-17 12:21,1649.47,1570.39, Dodaj do koszyka 
2024-09-17 17:10,1644.37,1565.43, Dodaj do koszyka 
2024-09-17 22:11,1649.57,1570.43, Dodaj do koszyka 
2024-09-18 12:22,1650.98,1571.81, Dodaj do koszyka 
2024-09-18 17:10,1648.87,1569.79, Dodaj do koszyka 
2024-09-18 22:11,1640.89,1562.08, Dodaj do koszyka 
2024-09-19 12:22,1653.01,1573.81, Dodaj do koszyka 
2024-09-19 17:10,1656.12,1576.78, Dodaj do koszyka 
2024-09-19 22:11,1653.51,1574.28, Dodaj do koszyka 
2024-09-20 12:22,1671.43,1591.52, Dodaj do koszyka 
2024-09-20 17:10,1671.94,1592.03, Dodaj do koszyka 
2024-09-20 22:12,1673.51,1593.52, Dodaj do koszyka 
2024-09-21 12:19,1673.51,1593.52, Dodaj do koszyka 
2024-09-21 17:11,1673.51,1593.52, Dodaj do koszyka 
2024-09-21 22:10,1673.51,1593.52, Dodaj do koszyka 
2024-09-22 12:20,1673.51,1593.52, Dodaj do koszyka 
2024-09-22 17:10,1673.51,1593.52, Dodaj do koszyka 
2024-09-22 22:11,1674.00,1593.98, Dodaj do koszyka 
2024-09-23 12:23,1683.38,1602.92, Dodaj do koszyka 
2024-09-23 17:11,1684.61,1604.13, Dodaj do koszyka 
2024-09-23 22:12,1685.50,1604.98, Dodaj do koszyka 
2024-09-24 12:23,1677.59,1597.43, Dodaj do koszyka 
2024-09-24 17:11,1686.80,1606.35, Dodaj do koszyka 
2024-09-24 22:11,1688.95,1608.44, Dodaj do koszyka 
2024-09-25 12:23,1690.13,1609.57, Dodaj do koszyka 
2024-09-25 17:10,1700.03,1630.02, Dodaj do koszyka 
2024-09-25 22:11,1701.09,1631.05, Dodaj do koszyka 
2024-09-26 12:23,1709.36,1639.01, Dodaj do koszyka 
2024-09-26 17:12,1705.78,1635.56, Dodaj do koszyka 
2024-09-26 22:11,1706.03,1635.80, Dodaj do koszyka 
2024-09-27 12:23,1702.09,1632.02, Dodaj do koszyka 
2024-09-27 17:11,1693.00,1623.28, Dodaj do koszyka 
2024-09-27 22:11,1697.29,1627.40, Dodaj do koszyka 
2024-09-28 12:20,1697.29,1627.40, Dodaj do koszyka 
2024-09-28 17:09,1697.29,1627.40, Dodaj do koszyka 
2024-09-28 22:10,1697.29,1627.40, Dodaj do koszyka 
2024-09-29 12:21,1697.29,1627.40, Dodaj do koszyka 
2024-09-29 17:09,1697.29,1627.40, Dodaj do koszyka 
2024-09-29 22:10,1699.94,1629.96, Dodaj do koszyka 
2024-09-30 12:25,1685.37,1615.95, Dodaj do koszyka 
2024-09-30 17:11,1691.15,1621.49, Dodaj do koszyka 
2024-09-30 22:11,1690.99,1621.32, Dodaj do koszyka 
2024-10-01 12:23,1713.46,1642.91, Dodaj do koszyka 
2024-10-01 17:11,1727.40,1656.29, Dodaj do koszyka 
2024-10-01 22:11,1721.25,1650.38, Dodaj do koszyka 
2024-10-02 12:23,1714.74,1644.12, Dodaj do koszyka 
2024-10-02 17:10,1717.72,1646.98, Dodaj do koszyka 
2024-10-02 22:12,1725.08,1654.06, Dodaj do koszyka 
2024-10-03 12:22,1723.16,1652.20, Dodaj do koszyka 
2024-10-03 17:11,1732.76,1661.42, Dodaj do koszyka 
2024-10-03 22:12,1730.94,1659.66, Dodaj do koszyka 
2024-10-04 12:22,1734.91,1663.48, Dodaj do koszyka 
2024-10-04 17:10,1739.38,1667.75, Dodaj do koszyka 
2024-10-04 22:11,1739.66,1668.02, Dodaj do koszyka 
2024-10-05 12:21,1739.66,1668.02, Dodaj do koszyka 
2024-10-05 17:10,1739.66,1668.02, Dodaj do koszyka 
2024-10-05 22:11,1739.66,1668.02, Dodaj do koszyka 
2024-10-06 12:20,1739.66,1668.02, Dodaj do koszyka 
2024-10-06 17:10,1739.66,1668.02, Dodaj do koszyka 
2024-10-06 22:10,1740.82,1669.14, Dodaj do koszyka 
2024-10-07 12:24,1744.44,1672.61, Dodaj do koszyka 
2024-10-07 17:11,1737.69,1666.12, Dodaj do koszyka 
2024-10-07 22:11,1736.67,1665.14, Dodaj do koszyka 
2024-10-08 12:23,1735.38,1663.91, Dodaj do koszyka 
2024-10-08 17:11,1710.47,1639.97, Dodaj do koszyka 
2024-10-08 22:11,1714.91,1644.24, Dodaj do koszyka 
2024-10-09 12:22,1716.19,1645.47, Dodaj do koszyka 
2024-10-09 17:10,1708.28,1637.86, Dodaj do koszyka 
2024-10-09 22:11,1710.04,1639.55, Dodaj do koszyka 
2024-10-10 12:22,1717.27,1646.49, Dodaj do koszyka 
2024-10-10 17:11,1723.45,1652.42, Dodaj do koszyka 
2024-10-10 22:11,1726.59,1655.45, Dodaj do koszyka 
2024-10-11 12:22,1731.42,1660.11, Dodaj do koszyka 
2024-10-11 17:10,1739.70,1668.08, Dodaj do koszyka 
2024-10-11 22:11,1739.63,1668.00, Dodaj do koszyka 
2024-10-12 12:20,1739.63,1668.00, Dodaj do koszyka 
2024-10-12 17:09,1739.63,1668.00, Dodaj do koszyka 
2024-10-12 22:10,1739.63,1668.00, Dodaj do koszyka 
2024-10-13 12:20,1739.63,1668.00, Dodaj do koszyka 
2024-10-13 17:09,1739.63,1668.00, Dodaj do koszyka 
2024-10-13 22:10,1739.11,1667.49, Dodaj do koszyka 
2024-10-14 12:23,1738.23,1666.64, Dodaj do koszyka 
2024-10-14 17:10,1740.49,1668.81, Dodaj do koszyka 
2024-10-14 22:13,1740.57,1668.89, Dodaj do koszyka 
2024-10-15 12:23,1742.02,1670.29, Dodaj do koszyka 
2024-10-15 17:11,1749.79,1677.75, Dodaj do koszyka 
2024-10-15 22:11,1751.59,1679.47, Dodaj do koszyka 
2024-10-16 12:23,1763.22,1690.66, Dodaj do koszyka 
2024-10-16 17:11,1764.75,1692.12, Dodaj do koszyka 
2024-10-16 22:11,1766.55,1693.84, Dodaj do koszyka 
2024-10-17 12:23,1774.77,1701.73, Dodaj do koszyka 
2024-10-17 17:11,1790.80,1717.12, Dodaj do koszyka 
2024-10-17 22:11,1787.81,1714.26, Dodaj do koszyka 
2024-10-18 12:22,1796.69,1722.80, Dodaj do koszyka 
2024-10-18 17:11,1796.96,1723.07, Dodaj do koszyka 
2024-10-18 22:11,1799.40,1725.42, Dodaj do koszyka 
2024-10-19 12:21,1799.40,1725.42, Dodaj do koszyka 
2024-10-19 17:10,1799.40,1725.42, Dodaj do koszyka 
2024-10-19 22:11,1799.40,1725.42, Dodaj do koszyka 
2024-10-20 12:22,1799.40,1725.42, Dodaj do koszyka 
2024-10-20 17:11,1799.40,1725.42, Dodaj do koszyka 
2024-10-20 22:11,1800.17,1726.15, Dodaj do koszyka 
2024-10-21 12:23,1815.86,1741.22, Dodaj do koszyka 
2024-10-21 17:11,1813.74,1739.17, Dodaj do koszyka 
2024-10-21 22:11,1812.40,1737.88, Dodaj do koszyka 
2024-10-22 12:23,1820.23,1745.42, Dodaj do koszyka 
2024-10-22 17:11,1832.36,1757.07, Dodaj do koszyka 
2024-10-22 22:12,1835.39,1759.97, Dodaj do koszyka 
2024-10-23 12:23,1848.65,1772.69, Dodaj do koszyka 
2024-10-23 17:11,1831.39,1756.09, Dodaj do koszyka 
2024-10-23 22:12,1827.34,1752.20, Dodaj do koszyka 
2024-10-24 12:23,1836.10,1760.63, Dodaj do koszyka 
2024-10-24 17:10,1833.34,1757.99, Dodaj do koszyka 
2024-10-24 22:11,1831.84,1756.55, Dodaj do koszyka 
2024-10-25 12:23,1826.72,1751.62, Dodaj do koszyka 
2024-10-25 17:11,1839.14,1763.55, Dodaj do koszyka 
2024-10-25 22:11,1843.24,1767.50, Dodaj do koszyka 
2024-10-26 12:21,1843.24,1767.50, Dodaj do koszyka 
2024-10-26 17:10,1843.24,1767.50, Dodaj do koszyka 
2024-10-26 22:10,1843.24,1767.50, Dodaj do koszyka 
2024-10-27 12:21,1843.24,1767.50, Dodaj do koszyka 
2024-10-27 17:10,1843.24,1767.50, Dodaj do koszyka 
2024-10-27 22:11,1844.98,1769.16, Dodaj do koszyka 
2024-10-28 12:24,1832.35,1757.03, Dodaj do koszyka 
2024-10-28 17:11,1839.45,1763.86, Dodaj do koszyka 
2024-10-28 22:11,1840.87,1765.22, Dodaj do koszyka 
2024-10-29 12:24,1850.15,1774.13, Dodaj do koszyka 
2024-10-29 17:11,1856.45,1780.20, Dodaj do koszyka 
2024-10-29 22:11,1857.82,1781.53, Dodaj do koszyka 
2024-10-30 12:24,1860.27,1783.87, Dodaj do koszyka 
2024-10-30 17:11,1864.24,1787.70, Dodaj do koszyka 
2024-10-30 22:11,1865.36,1788.78, Dodaj do koszyka 
2024-10-31 12:23,1857.07,1780.81, Dodaj do koszyka 
2024-10-31 17:12,1833.29,1757.95, Dodaj do koszyka 
2024-10-31 22:11,1830.88,1755.64, Dodaj do koszyka 
2024-11-01 12:22,1840.84,1765.20, Dodaj do koszyka 
2024-11-01 17:11,1839.18,1763.59, Dodaj do koszyka 
2024-11-01 22:11,1838.75,1763.17, Dodaj do koszyka 
2024-11-02 12:21,1838.75,1763.17, Dodaj do koszyka 
2024-11-02 17:10,1838.75,1763.17, Dodaj do koszyka 
2024-11-02 22:11,1838.75,1763.17, Dodaj do koszyka 
2024-11-03 12:20,1838.75,1763.17, Dodaj do koszyka 
2024-11-03 17:10,1838.75,1763.17, Dodaj do koszyka 
2024-11-03 22:12,1833.00,1757.66, Dodaj do koszyka 
2024-11-04 12:24,1819.93,1745.14, Dodaj do koszyka 
2024-11-04 17:11,1826.16,1751.10, Dodaj do koszyka 
2024-11-04 22:11,1828.72,1753.56, Dodaj do koszyka 
2024-11-05 12:22,1832.03,1756.74, Dodaj do koszyka 
2024-11-05 17:12,1823.72,1748.76, Dodaj do koszyka 
2024-11-05 22:11,1825.76,1750.73, Dodaj do koszyka 
2024-11-06 12:23,1839.29,1763.65, Dodaj do koszyka 
2024-11-06 17:09,1806.20,1731.85, Dodaj do koszyka 
2024-11-06 22:12,1801.20,1727.04, Dodaj do koszyka 
2024-11-07 12:22,1791.36,1717.62, Dodaj do koszyka 
2024-11-07 17:10,1798.47,1724.48, Dodaj do koszyka 
2024-11-07 22:11,1803.64,1729.45, Dodaj do koszyka 
2024-11-08 12:22,1799.31,1725.28, Dodaj do koszyka 
2024-11-08 17:10,1813.51,1738.89, Dodaj do koszyka 
2024-11-08 22:11,1807.73,1733.34, Dodaj do koszyka 
2024-11-09 12:20,1807.73,1733.34, Dodaj do koszyka 
2024-11-09 17:09,1807.73,1733.34, Dodaj do koszyka 
2024-11-09 22:10,1807.73,1733.34, Dodaj do koszyka 
2024-11-10 12:20,1807.73,1733.34, Dodaj do koszyka 
2024-11-10 17:09,1807.73,1733.34, Dodaj do koszyka 
2024-11-10 22:10,1809.16,1734.71, Dodaj do koszyka 
2024-11-11 12:23,1806.75,1732.36, Dodaj do koszyka 
2024-11-11 17:10,1786.42,1712.79, Dodaj do koszyka 
2024-11-11 22:11,1789.34,1715.60, Dodaj do koszyka 
2024-11-12 12:23,1781.41,1707.96, Dodaj do koszyka 
2024-11-12 17:10,1778.73,1705.38, Dodaj do koszyka 
2024-11-12 22:11,1776.90,1703.63, Dodaj do koszyka 
2024-11-13 12:23,1779.40,1706.05, Dodaj do koszyka 
2024-11-13 17:10,1770.92,1697.88, Dodaj do koszyka 
2024-11-13 22:11,1764.67,1691.87, Dodaj do koszyka 
2024-11-14 12:24,1756.23,1683.74, Dodaj do koszyka 
2024-11-14 17:11,1758.27,1685.73, Dodaj do koszyka 
2024-11-14 22:11,1758.98,1686.39, Dodaj do koszyka 
2024-11-15 12:24,1748.29,1676.15, Dodaj do koszyka 
2024-11-15 17:11,1749.05,1676.87, Dodaj do koszyka 
2024-11-15 22:12,1753.10,1680.75, Dodaj do koszyka 
2024-11-16 12:21,1753.10,1680.75, Dodaj do koszyka 
2024-11-16 17:09,1753.10,1680.75, Dodaj do koszyka 
2024-11-16 22:11,1753.10,1680.75, Dodaj do koszyka 
2024-11-17 12:21,1753.10,1680.75, Dodaj do koszyka 
2024-11-17 17:10,1753.10,1680.75, Dodaj do koszyka 
2024-11-17 22:11,1763.22,1690.46, Dodaj do koszyka 
2024-11-18 12:25,1776.53,1703.27, Dodaj do koszyka 
2024-11-18 17:11,1773.30,1700.20, Dodaj do koszyka 
2024-11-18 22:12,1776.44,1703.22, Dodaj do koszyka 
2024-11-19 12:24,1801.95,1727.71, Dodaj do koszyka 
2024-11-19 17:11,1794.58,1720.64, Dodaj do koszyka 
2024-11-19 22:11,1797.15,1723.11, Dodaj do koszyka 
2024-11-20 12:24,1801.33,1727.11, Dodaj do koszyka 
2024-11-20 17:11,1824.09,1748.97, Dodaj do koszyka 
2024-11-20 22:11,1818.91,1744.00, Dodaj do koszyka 
2024-11-21 12:24,1835.16,1759.61, Dodaj do koszyka 
2024-11-21 17:11,1843.91,1768.00, Dodaj do koszyka 
2024-11-21 22:11,1847.49,1771.44, Dodaj do koszyka 
2024-11-22 12:24,1877.11,1799.89, Dodaj do koszyka 
2024-11-22 17:12,1880.92,1803.56, Dodaj do koszyka 
2024-11-22 22:11,1887.25,1809.65, Dodaj do koszyka 
2024-11-23 12:21,1887.25,1809.65, Dodaj do koszyka 
2024-11-23 17:10,1887.25,1809.65, Dodaj do koszyka 
2024-11-23 22:11,1887.25,1809.65, Dodaj do koszyka 
2024-11-24 12:21,1887.25,1809.65, Dodaj do koszyka 
2024-11-24 17:10,1887.25,1809.65, Dodaj do koszyka 
2024-11-24 22:11,1881.28,1803.92, Dodaj do koszyka 
2024-11-25 12:25,1847.34,1771.32, Dodaj do koszyka 
2024-11-25 17:11,1809.26,1734.72, Dodaj do koszyka 
2024-11-25 22:12,1802.10,1727.84, Dodaj do koszyka 
2024-11-26 12:25,1796.06,1722.07, Dodaj do koszyka 
2024-11-26 17:11,1802.58,1728.30, Dodaj do koszyka 
2024-11-26 22:12,1805.79,1731.40, Dodaj do koszyka 
2024-11-27 12:25,1812.17,1737.54, Dodaj do koszyka 
2024-11-27 17:11,1792.84,1718.99, Dodaj do koszyka 
2024-11-27 22:12,1792.76,1718.91, Dodaj do koszyka 
2024-11-28 12:25,1804.53,1730.22, Dodaj do koszyka 
2024-11-28 17:11,1799.15,1725.04, Dodaj do koszyka 
2024-11-28 22:12,1797.31,1723.27, Dodaj do koszyka 
2024-11-29 12:24,1808.14,1733.70, Dodaj do koszyka 
2024-11-29 17:11,1804.63,1730.33, Dodaj do koszyka 
2024-11-29 22:11,1798.58,1724.52, Dodaj do koszyka 
2024-11-30 12:22,1798.58,1724.52, Dodaj do koszyka 
2024-11-30 17:10,1798.58,1724.52, Dodaj do koszyka 
2024-11-30 22:11,1798.58,1724.52, Dodaj do koszyka 
2024-12-01 12:23,1798.58,1724.52, Dodaj do koszyka 
2024-12-01 17:10,1798.58,1724.52, Dodaj do koszyka 
2024-12-01 22:11,1802.30,1728.08, Dodaj do koszyka 
2024-12-02 12:26,1798.25,1724.18, Dodaj do koszyka 
2024-12-02 17:11,1800.24,1726.09, Dodaj do koszyka 
2024-12-02 22:12,1798.85,1724.75, Dodaj do koszyka 
2024-12-03 12:25,1799.50,1725.38, Dodaj do koszyka 
2024-12-03 17:12,1801.99,1727.78, Dodaj do koszyka 
2024-12-03 22:12,1805.59,1731.22, Dodaj do koszyka 
2024-12-04 12:25,1801.43,1727.23, Dodaj do koszyka 
2024-12-04 17:11,1796.54,1722.56, Dodaj do koszyka 
2024-12-04 22:12,1801.59,1727.40, Dodaj do koszyka 
2024-12-05 12:25,1795.07,1721.15, Dodaj do koszyka 
2024-12-05 17:11,1772.03,1699.02, Dodaj do koszyka 
2024-12-05 22:12,1771.82,1698.82, Dodaj do koszyka 
2024-12-06 12:25,1776.40,1703.23, Dodaj do koszyka 
2024-12-06 17:12,1779.62,1706.32, Dodaj do koszyka 
2024-12-06 22:12,1774.22,1701.13, Dodaj do koszyka 
2024-12-07 12:22,1774.22,1701.13, Dodaj do koszyka 
2024-12-07 17:10,1774.22,1701.13, Dodaj do koszyka 
2024-12-07 22:11,1774.22,1701.13, Dodaj do koszyka 
2024-12-08 12:23,1774.22,1701.13, Dodaj do koszyka 
2024-12-08 17:10,1774.22,1701.13, Dodaj do koszyka 
2024-12-08 22:11,1778.88,1705.59, Dodaj do koszyka 
2024-12-09 12:27,1786.55,1712.99, Dodaj do koszyka 
2024-12-09 17:11,1793.14,1719.33, Dodaj do koszyka 
2024-12-09 22:12,1791.87,1718.09, Dodaj do koszyka 
2024-12-10 12:26,1811.98,1737.41, Dodaj do koszyka 
2024-12-10 17:11,1819.65,1744.78, Dodaj do koszyka 
2024-12-10 22:12,1819.00,1744.16, Dodaj do koszyka 
2024-12-11 12:26,1823.98,1748.94, Dodaj do koszyka 
2024-12-11 17:11,1843.95,1768.13, Dodaj do koszyka 
2024-12-11 22:12,1846.51,1770.59, Dodaj do koszyka 
2024-12-12 12:26,1843.13,1767.33, Dodaj do koszyka 
2024-12-12 17:11,1820.33,1745.43, Dodaj do koszyka 
2024-12-12 22:12,1827.01,1751.82, Dodaj do koszyka 
2024-12-13 12:25,1811.38,1736.82, Dodaj do koszyka 
2024-12-13 17:11,1803.15,1728.91, Dodaj do koszyka 
2024-12-13 22:12,1793.55,1719.69, Dodaj do koszyka 
2024-12-14 12:22,1793.55,1719.69, Dodaj do koszyka 
2024-12-14 17:10,1793.55,1719.69, Dodaj do koszyka 
2024-12-14 22:11,1793.55,1719.69, Dodaj do koszyka 
2024-12-15 12:23,1793.55,1719.69, Dodaj do koszyka 
2024-12-15 17:10,1793.55,1719.69, Dodaj do koszyka 
2024-12-15 22:11,1797.35,1723.33, Dodaj do koszyka 
2024-12-16 12:26,1804.40,1730.11, Dodaj do koszyka 
2024-12-16 17:11,1791.46,1717.69, Dodaj do koszyka 
2024-12-16 22:11,1793.50,1719.65, Dodaj do koszyka 
2024-12-17 12:26,1790.31,1716.57, Dodaj do koszyka 
2024-12-17 17:12,1787.39,1713.77, Dodaj do koszyka 
2024-12-17 22:12,1797.81,1723.77, Dodaj do koszyka 
2024-12-18 12:24,1790.86,1717.11, Dodaj do koszyka 
2024-12-18 17:11,1791.66,1717.85, Dodaj do koszyka 
2024-12-18 22:12,1779.25,1705.86, Dodaj do koszyka 
2024-12-19 12:25,1780.39,1707.01, Dodaj do koszyka 
2024-12-19 17:10,1777.51,1704.21, Dodaj do koszyka 
2024-12-19 22:11,1779.19,1705.82, Dodaj do koszyka 
2024-12-20 12:22,1781.74,1708.29, Dodaj do koszyka 
2024-12-20 17:10,1791.20,1717.39, Dodaj do koszyka 
2024-12-20 22:11,1789.43,1715.69, Dodaj do koszyka 
2024-12-21 12:21,1789.43,1715.69, Dodaj do koszyka 
2024-12-21 17:10,1789.43,1715.69, Dodaj do koszyka 
2024-12-21 22:10,1789.43,1715.69, Dodaj do koszyka 
2024-12-22 12:20,1789.43,1715.69, Dodaj do koszyka 
2024-12-22 17:10,1789.43,1715.69, Dodaj do koszyka 
2024-12-22 22:10,1791.31,1717.50, Dodaj do koszyka 
2024-12-23 12:23,1796.10,1722.08, Dodaj do koszyka 
2024-12-23 17:11,1787.41,1713.74, Dodaj do koszyka 
2024-12-23 22:11,1788.25,1714.54, Dodaj do koszyka 
2024-12-24 12:23,1792.39,1718.52, Dodaj do koszyka 
2024-12-24 17:10,1789.42,1715.67, Dodaj do koszyka 
2024-12-24 22:11,1792.11,1718.25, Dodaj do koszyka 
2024-12-25 12:22,1789.42,1715.67, Dodaj do koszyka 
2024-12-25 17:11,1789.42,1715.67, Dodaj do koszyka 
2024-12-25 22:10,1787.73,1714.04, Dodaj do koszyka 
2024-12-26 12:23,1796.88,1722.84, Dodaj do koszyka 
2024-12-26 17:10,1795.93,1721.94, Dodaj do koszyka 
2024-12-26 22:11,1800.74,1726.56, Dodaj do koszyka 
2024-12-27 12:22,1798.62,1724.52, Dodaj do koszyka 
2024-12-27 17:10,1788.38,1714.67, Dodaj do koszyka 
2024-12-27 22:10,1790.93,1717.12, Dodaj do koszyka 
2024-12-28 12:21,1790.93,1717.12, Dodaj do koszyka 
2024-12-28 17:09,1790.93,1717.12, Dodaj do koszyka 
2024-12-28 22:10,1790.93,1717.12, Dodaj do koszyka 
2024-12-29 12:20,1790.93,1717.12, Dodaj do koszyka 
2024-12-29 17:10,1790.93,1717.12, Dodaj do koszyka 
2024-12-29 22:10,1788.12,1714.42, Dodaj do koszyka 
2024-12-30 12:23,1781.50,1708.08, Dodaj do koszyka 
2024-12-30 17:10,1786.43,1712.78, Dodaj do koszyka 
2024-12-30 22:11,1788.33,1714.61, Dodaj do koszyka 
2024-12-31 12:22,1788.49,1714.77, Dodaj do koszyka 
2024-12-31 17:10,1809.96,1735.38, Dodaj do koszyka 
2024-12-31 22:10,1809.11,1734.57, Dodaj do koszyka 
2025-01-01 12:22,1809.30,1734.75, Dodaj do koszyka 
2025-01-01 17:10,1809.30,1734.75, Dodaj do koszyka 
2025-01-01 22:11,1810.97,1736.35, Dodaj do koszyka 
2025-01-02 12:23,1823.24,1748.14, Dodaj do koszyka 
2025-01-02 17:10,1844.60,1768.65, Dodaj do koszyka 
2025-01-02 22:11,1847.11,1771.05, Dodaj do koszyka 
2025-01-03 12:23,1840.19,1764.42, Dodaj do koszyka 
2025-01-03 17:10,1827.38,1752.11, Dodaj do koszyka 
2025-01-03 22:11,1825.66,1750.45, Dodaj do koszyka 
2025-01-04 12:21,1825.66,1750.45, Dodaj do koszyka 
2025-01-04 17:09,1825.66,1750.45, Dodaj do koszyka 
2025-01-04 22:10,1825.66,1750.45, Dodaj do koszyka 
2025-01-05 12:21,1825.66,1750.45, Dodaj do koszyka 
2025-01-05 17:09,1825.66,1750.45, Dodaj do koszyka 
2025-01-05 22:10,1828.30,1752.99, Dodaj do koszyka 
2025-01-06 12:24,1803.17,1728.91, Dodaj do koszyka 
2025-01-06 17:10,1803.41,1729.12, Dodaj do koszyka 
2025-01-06 22:11,1802.53,1728.28, Dodaj do koszyka 
2025-01-07 12:24,1806.77,1732.37, Dodaj do koszyka 
2025-01-07 17:11,1820.69,1745.72, Dodaj do koszyka 
2025-01-07 22:11,1821.49,1746.48, Dodaj do koszyka 
2025-01-08 12:24,1836.70,1761.06, Dodaj do koszyka 
2025-01-08 17:10,1846.02,1770.03, Dodaj do koszyka 
2025-01-08 22:11,1841.20,1765.40, Dodaj do koszyka 
2025-01-09 12:24,1849.47,1773.35, Dodaj do koszyka 
2025-01-09 17:10,1839.15,1763.44, Dodaj do koszyka 
2025-01-09 22:11,1844.78,1768.84, Dodaj do koszyka 
2025-01-10 12:23,1851.28,1775.09, Dodaj do koszyka 
2025-01-10 17:10,1875.94,1798.77, Dodaj do koszyka 
2025-01-10 22:11,1870.20,1793.25, Dodaj do koszyka 
2025-01-11 12:21,1870.20,1793.25, Dodaj do koszyka 
2025-01-11 17:10,1870.20,1793.25, Dodaj do koszyka 
2025-01-11 22:10,1870.20,1793.25, Dodaj do koszyka 
2025-01-12 12:21,1870.20,1793.25, Dodaj do koszyka 
2025-01-12 17:09,1870.20,1793.25, Dodaj do koszyka 
2025-01-12 22:10,1874.64,1797.51, Dodaj do koszyka 
2025-01-13 12:24,1876.15,1798.95, Dodaj do koszyka 
2025-01-13 17:11,1856.91,1780.46, Dodaj do koszyka 
2025-01-13 22:11,1852.52,1776.26, Dodaj do koszyka 
2025-01-14 12:22,1858.82,1782.31, Dodaj do koszyka 
2025-01-14 17:10,1847.58,1771.53, Dodaj do koszyka 
2025-01-14 22:11,1850.57,1774.40, Dodaj do koszyka 
2025-01-15 12:22,1853.53,1777.26, Dodaj do koszyka 
2025-01-15 17:10,1857.39,1780.97, Dodaj do koszyka 
2025-01-15 22:11,1862.67,1786.04, Dodaj do koszyka 
2025-01-16 12:22,1871.64,1794.66, Dodaj do koszyka 
2025-01-16 17:11,1879.74,1802.45, Dodaj do koszyka 
2025-01-16 22:11,1875.38,1798.27, Dodaj do koszyka 
2025-01-17 12:22,1869.53,1792.64, Dodaj do koszyka 
2025-01-17 17:10,1874.36,1797.28, Dodaj do koszyka 
2025-01-17 22:10,1871.30,1794.33, Dodaj do koszyka 
2025-01-18 12:20,1871.30,1794.33, Dodaj do koszyka 
2025-01-18 17:09,1871.30,1794.33, Dodaj do koszyka 
2025-01-18 22:10,1871.30,1794.33, Dodaj do koszyka 
2025-01-19 12:20,1871.30,1794.33, Dodaj do koszyka 
2025-01-19 17:09,1871.30,1794.33, Dodaj do koszyka 
2025-01-19 22:11,1870.89,1793.94, Dodaj do koszyka 
2025-01-20 12:23,1863.58,1786.94, Dodaj do koszyka 
2025-01-20 17:10,1847.99,1771.99, Dodaj do koszyka 
2025-01-20 22:11,1846.92,1770.96, Dodaj do koszyka 
2025-01-21 12:23,1866.61,1789.86, Dodaj do koszyka 
2025-01-21 17:11,1866.39,1789.69, Dodaj do koszyka 
2025-01-21 22:11,1868.52,1791.74, Dodaj do koszyka 
2025-01-22 12:23,1863.55,1786.98, Dodaj do koszyka 
2025-01-22 17:11,1866.49,1789.81, Dodaj do koszyka 
2025-01-22 22:11,1867.73,1790.99, Dodaj do koszyka 
2025-01-23 12:23,1858.46,1782.09, Dodaj do koszyka 
2025-01-23 17:11,1857.83,1781.50, Dodaj do koszyka 
2025-01-23 22:11,1860.62,1784.17, Dodaj do koszyka 
2025-01-24 12:22,1862.65,1786.16, Dodaj do koszyka 
2025-01-24 17:10,1852.73,1776.63, Dodaj do koszyka 
2025-01-24 22:11,1856.36,1780.11, Dodaj do koszyka 
2025-01-25 12:20,1856.36,1780.11, Dodaj do koszyka 
2025-01-25 17:09,1856.36,1780.11, Dodaj do koszyka 
2025-01-25 22:11,1856.36,1780.11, Dodaj do koszyka 
2025-01-26 12:20,1856.36,1780.11, Dodaj do koszyka 
2025-01-26 17:10,1856.36,1780.11, Dodaj do koszyka 
2025-01-26 22:10,1856.36,1780.11, Dodaj do koszyka 
2025-01-27 12:23,1851.09,1775.06, Dodaj do koszyka 
2025-01-27 17:10,1832.21,1756.90, Dodaj do koszyka 
2025-01-27 22:11,1836.89,1761.39, Dodaj do koszyka 
2025-01-28 12:22,1849.94,1773.92, Dodaj do koszyka 
2025-01-28 17:10,1855.35,1779.13, Dodaj do koszyka 
2025-01-28 22:11,1858.63,1782.29, Dodaj do koszyka 
2025-01-29 12:22,1864.13,1787.55, Dodaj do koszyka 
2025-01-29 17:11,1853.90,1777.73, Dodaj do koszyka 
2025-01-29 22:11,1858.38,1782.03, Dodaj do koszyka 
2025-01-30 12:22,1874.82,1797.83, Dodaj do koszyka 
2025-01-30 17:10,1879.03,1801.89, Dodaj do koszyka 
2025-01-30 22:11,1886.95,1809.49, Dodaj do koszyka 
2025-01-31 12:22,1901.66,1823.61, Dodaj do koszyka 
2025-01-31 17:10,1897.92,1820.03, Dodaj do koszyka 
2025-01-31 22:11,1900.29,1822.29, Dodaj do koszyka 
2025-02-01 12:20,1900.29,1822.29, Dodaj do koszyka 
2025-02-01 17:10,1900.29,1822.29, Dodaj do koszyka 
2025-02-01 22:11,1900.29,1822.29, Dodaj do koszyka 
2025-02-02 12:19,1900.29,1822.29, Dodaj do koszyka 
2025-02-02 17:10,1900.29,1822.29, Dodaj do koszyka 
2025-02-02 22:10,1924.31,1845.33, Dodaj do koszyka 
2025-02-03 12:22,1927.33,1848.23, Dodaj do koszyka 
2025-02-03 17:11,1934.03,1854.67, Dodaj do koszyka 
2025-02-03 22:11,1921.95,1843.08, Dodaj do koszyka 
2025-02-04 12:23,1923.87,1844.93, Dodaj do koszyka 
2025-02-04 17:11,1924.21,1845.30, Dodaj do koszyka 
2025-02-04 22:11,1925.26,1846.31, Dodaj do koszyka 
2025-02-05 12:23,1928.69,1849.64, Dodaj do koszyka 
2025-02-05 17:10,1932.82,1853.61, Dodaj do koszyka 
2025-02-05 22:11,1931.83,1852.64, Dodaj do koszyka 
2025-02-06 12:23,1941.30,1861.73, Dodaj do koszyka 
2025-02-06 17:10,1920.93,1842.16, Dodaj do koszyka 
2025-02-06 22:11,1923.40,1844.54, Dodaj do koszyka 
2025-02-07 12:22,1930.75,1851.61, Dodaj do koszyka 
2025-02-07 17:10,1935.73,1856.37, Dodaj do koszyka 
2025-02-07 22:11,1939.61,1860.09, Dodaj do koszyka 
2025-02-08 12:20,1939.61,1860.09, Dodaj do koszyka 
2025-02-08 17:10,1939.61,1860.09, Dodaj do koszyka 
2025-02-08 22:09,1939.61,1860.09, Dodaj do koszyka 
2025-02-09 12:20,1939.61,1860.09, Dodaj do koszyka 
2025-02-09 17:09,1939.61,1860.09, Dodaj do koszyka 
2025-02-09 22:11,1947.19,1867.36, Dodaj do koszyka 
2025-02-10 12:23,1965.83,1885.32, Dodaj do koszyka 
2025-02-10 17:10,1963.90,1883.45, Dodaj do koszyka 
2025-02-10 22:11,1970.87,1890.15, Dodaj do koszyka 
2025-02-11 12:23,1957.88,1877.68, Dodaj do koszyka 
2025-02-11 17:11,1951.28,1871.35, Dodaj do koszyka 
2025-02-11 22:11,1947.74,1867.95, Dodaj do koszyka 
2025-02-12 12:23,1933.12,1853.91, Dodaj do koszyka 
2025-02-12 17:11,1941.97,1862.43, Dodaj do koszyka 
2025-02-12 22:11,1944.19,1864.55, Dodaj do koszyka 
2025-02-13 12:23,,,strona niedostępna
2025-02-13 17:09,,,strona niedostępna
2025-02-13 22:11,1948.71,1868.93, Dodaj do koszyka 
2025-02-14 12:23,1946.98,1867.28, Dodaj do koszyka 
2025-02-14 17:10,1914.06,1835.64, Dodaj do koszyka 
2025-02-14 22:11,1909.84,1831.58, Dodaj do koszyka 
2025-02-15 12:20,1909.84,1831.58, Dodaj do koszyka 
2025-02-15 17:10,1909.84,1831.58, Dodaj do koszyka 
2025-02-15 22:10,1909.84,1831.58, Dodaj do koszyka 
2025-02-16 12:23,1909.84,1831.58, Dodaj do koszyka 
2025-02-16 17:10,1909.84,1831.58, Dodaj do koszyka 
2025-02-16 22:10,1915.27,1836.79, Dodaj do koszyka 
2025-02-17 12:24,1917.83,1839.26, Dodaj do koszyka 
2025-02-17 17:10,1918.03,1839.46, Dodaj do koszyka 
2025-02-17 22:11,1920.32,1841.66, Dodaj do koszyka 
2025-02-18 12:24,1936.24,1856.95, Dodaj do koszyka 
2025-02-18 17:11,1944.31,1864.71, Dodaj do koszyka 
2025-02-18 22:11,1945.63,1865.98, Dodaj do koszyka 
2025-02-19 12:21,1960.47,1880.21, Dodaj do koszyka 
2025-02-19 17:11,1961.71,1881.40, Dodaj do koszyka 
2025-02-19 22:11,1962.65,1882.30, Dodaj do koszyka 
2025-02-20 12:24,1959.44,1879.25, Dodaj do koszyka 
2025-02-20 17:11,1951.15,1871.29, Dodaj do koszyka 
2025-02-20 22:11,1946.22,1866.56, Dodaj do koszyka 
2025-02-21 12:23,1948.68,1868.91, Dodaj do koszyka 
2025-02-21 17:11,1949.32,1869.53, Dodaj do koszyka 
2025-02-21 22:11,1950.34,1870.50, Dodaj do koszyka 
2025-02-22 12:20,1950.34,1870.50, Dodaj do koszyka 
2025-02-22 17:10,1950.34,1870.50, Dodaj do koszyka 
2025-02-22 22:10,1950.34,1870.50, Dodaj do koszyka 
2025-02-23 12:21,1950.34,1870.50, Dodaj do koszyka 
2025-02-23 17:10,1950.34,1870.50, Dodaj do koszyka 
2025-02-23 22:10,1950.24,1870.41, Dodaj do koszyka 
2025-02-24 12:24,1947.76,1868.04, Dodaj do koszyka 
2025-02-24 17:11,1940.50,1861.07, Dodaj do koszyka 
2025-02-24 22:11,1952.37,1872.47, Dodaj do koszyka 
2025-02-25 12:24,1935.65,1856.43, Dodaj do koszyka 
2025-02-25 17:14,1907.48,1829.34, Dodaj do koszyka 
2025-02-25 22:11,1916.59,1838.11, Dodaj do koszyka 
2025-02-26 12:24,1919.40,1840.79, Dodaj do koszyka 
2025-02-26 17:11,1911.59,1833.31, Dodaj do koszyka 
2025-02-26 22:11,1922.08,1843.37, Dodaj do koszyka 
2025-02-27 12:24,1898.37,1820.59, Dodaj do koszyka 
2025-02-27 17:11,1917.45,1838.87, Dodaj do koszyka 
2025-02-27 22:13,1923.10,1844.29, Dodaj do koszyka 
2025-02-28 12:24,1905.06,1826.96, Dodaj do koszyka 
2025-02-28 17:11,1897.06,1819.27, Dodaj do koszyka 
2025-02-28 22:11,1928.95,1849.87, Dodaj do koszyka 
2025-03-01 12:21,1928.95,1849.87, Dodaj do koszyka 
2025-03-01 17:10,1928.95,1849.87, Dodaj do koszyka 
2025-03-01 22:10,1928.95,1849.87, Dodaj do koszyka 
2025-03-02 12:21,1928.95,1849.87, Dodaj do koszyka 
2025-03-02 17:10,1928.95,1849.87, Dodaj do koszyka 
2025-03-02 22:11,1921.42,1842.65, Dodaj do koszyka 
2025-03-03 12:24,1913.34,1834.92, Dodaj do koszyka 
2025-03-03 17:11,1912.42,1834.07, Dodaj do koszyka 
2025-03-03 22:11,1915.26,1836.79, Dodaj do koszyka 
2025-03-04 12:24,1922.20,1843.50, Dodaj do koszyka 
2025-03-04 17:12,1930.09,1851.05, Dodaj do koszyka 
2025-03-04 22:11,1911.23,1832.96, Dodaj do koszyka 
2025-03-05 12:24,1887.06,1809.78, Dodaj do koszyka 
2025-03-05 17:11,1879.50,1802.54, Dodaj do koszyka 
2025-03-05 22:12,1876.70,1799.85, Dodaj do koszyka 
2025-03-06 12:25,1870.93,1794.29, Dodaj do koszyka 
2025-03-06 17:11,1876.93,1800.07, Dodaj do koszyka 
2025-03-06 22:12,1881.31,1804.26, Dodaj do koszyka 
2025-03-07 12:23,1875.62,1798.82, Dodaj do koszyka 
2025-03-07 17:11,1869.93,1793.35, Dodaj do koszyka 
2025-03-07 22:10,1869.63,1793.06, Dodaj do koszyka 
2025-03-08 12:17,1869.63,1793.06, Dodaj do koszyka 
2025-03-08 17:10,1869.63,1793.06, Dodaj do koszyka 
2025-03-08 22:09,1869.63,1793.06, Dodaj do koszyka 
2025-03-09 12:17,1869.63,1793.06, Dodaj do koszyka 
2025-03-09 17:09,1869.63,1793.06, Dodaj do koszyka 
2025-03-09 22:10,1870.41,1793.81, Dodaj do koszyka 
2025-03-10 12:25,1870.73,1794.10, Dodaj do koszyka 
2025-03-10 17:12,1871.21,1794.55, Dodaj do koszyka 
2025-03-10 22:12,1869.05,1792.47, Dodaj do koszyka 
2025-03-11 12:25,1866.83,1790.38, Dodaj do koszyka 
2025-03-11 17:12,1871.63,1794.99, Dodaj do koszyka 
2025-03-11 22:12,1873.34,1796.62, Dodaj do koszyka 
2025-03-12 12:25,1869.38,1792.82, Dodaj do koszyka 
2025-03-12 17:11,1883.79,1806.68, Dodaj do koszyka 
2025-03-12 22:12,1884.62,1807.47, Dodaj do koszyka 
2025-03-13 12:25,1902.07,1824.23, Dodaj do koszyka 
2025-03-13 17:10,1914.57,1836.26, Dodaj do koszyka 
2025-03-13 22:11,1923.68,1845.01, Dodaj do koszyka 
2025-03-14 12:24,1912.32,1834.13, Dodaj do koszyka 
2025-03-14 17:10,1915.89,1837.54, Dodaj do koszyka 
2025-03-14 22:11,1921.36,1842.78, Dodaj do koszyka 
2025-03-15 12:21,1921.36,1842.78, Dodaj do koszyka 
2025-03-15 17:10,1921.36,1842.78, Dodaj do koszyka 
2025-03-15 22:11,1921.36,1842.78, Dodaj do koszyka 
2025-03-16 12:21,1921.36,1842.78, Dodaj do koszyka 
2025-03-16 17:10,1921.36,1842.78, Dodaj do koszyka 
2025-03-16 22:11,1919.12,1840.63, Dodaj do koszyka 
2025-03-17 12:26,1915.57,1837.23, Dodaj do koszyka 
2025-03-17 17:12,1914.40,1836.13, Dodaj do koszyka 
2025-03-17 22:12,1918.67,1840.22, Dodaj do koszyka 
2025-03-18 12:25,1929.70,1850.82, Dodaj do koszyka 
2025-03-18 17:12,1929.70,1850.82, Dodaj do koszyka 
2025-03-18 22:12,1929.70,1850.82, Dodaj do koszyka 
2025-03-19 12:25,,,strona niedostępna
2025-03-19 17:12,,,strona niedostępna
2025-03-19 22:12,,,strona niedostępna
2025-03-20 12:24,,,strona niedostępna
2025-03-20 17:12,1959.38,1879.33, Dodaj do koszyka 
2025-03-20 22:11,1962.34,1882.17, Dodaj do koszyka 
2025-03-21 12:24,1957.59,1877.60, Dodaj do koszyka 
2025-03-21 17:11,1951.91,1872.13, Dodaj do koszyka 
2025-03-21 22:12,1959.00,1878.94, Dodaj do koszyka 
2025-03-22 12:21,1959.00,1878.94, Dodaj do koszyka 
2025-03-22 17:10,1959.00,1878.94, Dodaj do koszyka 
2025-03-22 22:11,1959.00,1878.94, Dodaj do koszyka 
2025-03-23 12:22,1959.00,1878.94, Dodaj do koszyka 
2025-03-23 17:10,1959.00,1878.94, Dodaj do koszyka 
2025-03-23 22:13,1957.09,1877.10, Dodaj do koszyka 
2025-03-24 12:26,,,strona niedostępna
2025-03-24 17:11,,,strona niedostępna
2025-03-24 22:12,,,strona niedostępna
2025-03-25 12:25,,,strona niedostępna
2025-03-25 17:12,,,strona niedostępna
2025-03-25 22:12,,,strona niedostępna
2025-03-26 12:25,,,strona niedostępna
2025-03-26 17:11,,,strona niedostępna
2025-03-26 22:12,,,strona niedostępna
2025-03-27 12:26,,,strona niedostępna
2025-03-27 17:11,,,strona niedostępna
2025-03-27 22:12,,,strona niedostępna
2025-03-28 12:24,,,strona niedostępna
2025-03-28 17:12,,,strona niedostępna
2025-03-28 22:12,,,strona niedostępna
2025-03-29 12:22,,,strona niedostępna
2025-03-29 17:10,,,strona niedostępna
2025-03-29 22:11,,,strona niedostępna
2025-03-30 12:22,,,strona niedostępna
2025-03-30 17:10,,,strona niedostępna
2025-03-30 22:11,,,strona niedostępna
2025-03-31 12:26,,,strona niedostępna
2025-03-31 17:11,,,strona niedostępna
2025-03-31 22:13,,,strona niedostępna
2025-04-01 12:27,,,strona niedostępna
2025-04-01 17:12,,,strona niedostępna
2025-04-01 22:12,,,strona niedostępna
2025-04-02 12:26,,,strona niedostępna
2025-04-02 17:11,,,strona niedostępna
2025-04-02 22:12,,,strona niedostępna
2025-04-03 12:26,,,strona niedostępna
2025-04-03 17:11,,,strona niedostępna
2025-04-03 22:12,,,strona niedostępna
2025-04-04 12:25,,,strona niedostępna
2025-04-04 17:11,,,strona niedostępna
2025-04-04 22:12,,,strona niedostępna
2025-04-05 12:22,,,strona niedostępna
2025-04-05 17:10,,,strona niedostępna
2025-04-05 22:11,,,strona niedostępna
2025-04-06 12:22,,,strona niedostępna
2025-04-06 17:10,,,strona niedostępna
2025-04-06 22:11,,,strona niedostępna
2025-04-07 12:27,,,strona niedostępna
2025-04-07 17:12,,,strona niedostępna
2025-04-07 22:12,,,strona niedostępna
2025-04-08 12:26,,,strona niedostępna
2025-04-08 17:11,,,strona niedostępna
2025-04-08 22:12,,,strona niedostępna
2025-04-09 12:26,,,strona niedostępna
2025-04-09 17:12,,,strona niedostępna
2025-04-09 22:12,,,strona niedostępna
2025-04-10 12:26,,,strona niedostępna
2025-04-10 17:12,,,strona niedostępna
2025-04-10 22:12,,,strona niedostępna
2025-04-11 12:26,,,strona niedostępna
2025-04-11 17:11,,,strona niedostępna
2025-04-11 22:12,,,strona niedostępna
2025-04-12 12:22,,,strona niedostępna
2025-04-12 17:11,,,strona niedostępna
2025-04-12 22:11,,,strona niedostępna
2025-04-13 12:23,,,strona niedostępna
2025-04-13 17:10,,,strona niedostępna
2025-04-13 22:11,,,strona niedostępna
2025-04-14 12:26,,,strona niedostępna
2025-04-14 17:12,,,strona niedostępna
2025-04-14 22:12,,,strona niedostępna
2025-04-15 12:26,,,strona niedostępna
2025-04-15 17:12,,,strona niedostępna
2025-04-15 22:13,,,strona niedostępna
2025-04-16 12:26,,,strona niedostępna
2025-04-16 17:12,,,strona niedostępna
2025-04-16 22:12,,,strona niedostępna
2025-04-17 12:26,,,strona niedostępna
2025-04-17 17:11,,,strona niedostępna
2025-04-17 22:12,,,strona niedostępna
2025-04-18 12:25,,,strona niedostępna
2025-04-18 17:11,,,strona niedostępna
2025-04-18 22:12,,,strona niedostępna
2025-04-19 12:22,,,strona niedostępna
2025-04-19 17:11,,,strona niedostępna
2025-04-19 22:11,,,strona niedostępna
2025-04-20 12:22,,,strona niedostępna
2025-04-20 17:11,,,strona niedostępna
2025-04-20 22:11,,,strona niedostępna
2025-04-21 12:25,,,strona niedostępna
2025-04-21 17:11,,,strona niedostępna
2025-04-21 22:13,,,strona niedostępna
2025-04-22 12:26,,,strona niedostępna
2025-04-22 17:12,,,strona niedostępna
2025-04-22 22:12,,,strona niedostępna
2025-04-23 12:26,,,strona niedostępna
2025-04-23 17:12,,,strona niedostępna
2025-04-23 22:13,,,strona niedostępna
2025-04-24 12:27,,,strona niedostępna
2025-04-24 17:11,,,strona niedostępna
2025-04-24 22:12,,,strona niedostępna
2025-04-25 12:26,,,strona niedostępna
2025-04-25 17:11,,,strona niedostępna
2025-04-25 22:12,,,strona niedostępna
2025-04-26 12:22,,,strona niedostępna
2025-04-26 17:10,,,strona niedostępna
2025-04-26 22:11,,,strona niedostępna
2025-04-27 12:23,,,strona niedostępna
2025-04-27 17:12,,,strona niedostępna
2025-04-27 22:11,,,strona niedostępna
2025-04-28 12:26,,,strona niedostępna
2025-04-28 17:12,,,strona niedostępna
2025-04-28 22:13,,,strona niedostępna
2025-04-29 12:28,,,strona niedostępna
2025-04-29 17:12,,,strona niedostępna
2025-04-29 22:12,,,strona niedostępna
2025-04-30 12:26,,,strona niedostępna
2025-04-30 17:11,,,strona niedostępna
2025-04-30 22:12,,,strona niedostępna
2025-05-01 12:25,,,strona niedostępna
2025-05-01 17:12,,,strona niedostępna
2025-05-01 22:12,,,strona niedostępna
2025-05-02 12:26,,,strona niedostępna
2025-05-02 17:12,,,strona niedostępna
2025-05-02 22:12,,,strona niedostępna
2025-05-03 12:23,,,strona niedostępna
2025-05-03 17:10,,,strona niedostępna
2025-05-03 22:11,,,strona niedostępna
2025-05-04 12:24,,,strona niedostępna
2025-05-04 17:10,,,strona niedostępna
2025-05-04 22:12,,,strona niedostępna
2025-05-05 12:27,,,strona niedostępna
2025-05-05 17:12,,,strona niedostępna
2025-05-05 22:13,,,strona niedostępna
2025-05-06 12:28,,,strona niedostępna
2025-05-06 17:12,,,strona niedostępna
2025-05-06 22:12,,,strona niedostępna
2025-05-07 12:28,,,strona niedostępna
2025-05-07 17:12,,,strona niedostępna
2025-05-07 22:13,,,strona niedostępna
2025-05-08 12:27,,,strona niedostępna
2025-05-08 17:11,,,strona niedostępna
2025-05-08 22:12,,,strona niedostępna
2025-05-09 12:26,,,strona niedostępna
2025-05-09 17:12,,,strona niedostępna
2025-05-09 22:12,,,strona niedostępna
2025-05-10 12:23,,,strona niedostępna
2025-05-10 17:10,,,strona niedostępna
2025-05-10 22:11,,,strona niedostępna
2025-05-11 12:24,,,strona niedostępna
2025-05-11 17:10,,,strona niedostępna
2025-05-11 22:12,,,strona niedostępna
2025-05-12 12:28,,,strona niedostępna
2025-05-12 17:12,,,strona niedostępna
2025-05-12 22:13,,,strona niedostępna
2025-05-13 12:28,,,strona niedostępna
2025-05-13 17:12,,,strona niedostępna
2025-05-13 22:13,,,strona niedostępna
2025-05-14 12:27,,,strona niedostępna
2025-05-14 17:12,,,strona niedostępna
2025-05-14 22:11,,,strona niedostępna
2025-05-15 12:27,,,strona niedostępna
2025-05-15 17:12,,,strona niedostępna
2025-05-15 22:12,,,strona niedostępna
2025-05-16 12:27,,,strona niedostępna
2025-05-16 17:10,,,strona niedostępna
2025-05-16 22:12,,,strona niedostępna
2025-05-17 12:24,,,strona niedostępna
2025-05-17 17:11,,,strona niedostępna
2025-05-17 22:11,,,strona niedostępna
2025-05-18 12:24,,,strona niedostępna
2025-05-18 17:10,,,strona niedostępna
2025-05-18 22:12,,,strona niedostępna
2025-05-19 12:28,,,strona niedostępna
2025-05-19 17:12,,,strona niedostępna
2025-05-19 22:13,,,strona niedostępna
2025-05-20 12:28,,,strona niedostępna
2025-05-20 17:12,,,strona niedostępna
2025-05-20 22:12,,,strona niedostępna
2025-05-21 12:27,,,strona niedostępna
2025-05-21 17:12,,,strona niedostępna
2025-05-21 22:13,,,strona niedostępna
2025-05-22 12:28,,,strona niedostępna
2025-05-22 17:12,,,strona niedostępna
2025-05-22 22:13,,,strona niedostępna
2025-05-23 12:27,,,strona niedostępna
2025-05-23 17:12,,,strona niedostępna
2025-05-23 22:13,,,strona niedostępna
2025-05-24 12:24,,,strona niedostępna
2025-05-24 17:10,,,strona niedostępna
2025-05-24 22:12,,,strona niedostępna
2025-05-25 12:24,,,strona niedostępna
2025-05-25 17:10,,,strona niedostępna
2025-05-25 22:12,,,strona niedostępna
2025-05-26 12:27,,,strona niedostępna
2025-05-26 17:11,,,strona niedostępna
2025-05-26 22:12,,,strona niedostępna
2025-05-27 12:28,,,strona niedostępna
2025-05-27 17:12,,,strona niedostępna
2025-05-27 22:13,,,strona niedostępna
2025-05-28 12:28,,,strona niedostępna
2025-05-28 17:12,,,strona niedostępna
2025-05-28 22:13,,,strona niedostępna
2025-05-29 12:27,,,strona niedostępna
2025-05-29 17:12,,,strona niedostępna
2025-05-29 22:13,,,strona niedostępna
2025-05-30 12:27,,,strona niedostępna
2025-05-30 17:12,,,strona niedostępna
2025-05-30 22:12,,,strona niedostępna
2025-05-31 12:24,,,strona niedostępna
2025-05-31 17:11,,,strona niedostępna
2025-05-31 22:12,,,strona niedostępna
2025-06-01 12:25,,,strona niedostępna
2025-06-01 17:11,,,strona niedostępna
2025-06-01 22:12,,,strona niedostępna
2025-06-02 12:28,,,strona niedostępna
2025-06-02 17:13,,,strona niedostępna
2025-06-02 22:13,,,strona niedostępna
2025-06-03 12:28,,,strona niedostępna
2025-06-03 17:13,,,strona niedostępna
2025-06-03 22:13,,,strona niedostępna
2025-06-04 12:28,,,strona niedostępna
2025-06-04 17:13,,,strona niedostępna
2025-06-04 22:12,,,strona niedostępna
2025-06-05 12:28,,,strona niedostępna
2025-06-05 17:10,,,strona niedostępna
2025-06-05 22:12,,,strona niedostępna
2025-06-06 12:27,,,strona niedostępna
2025-06-06 17:13,,,strona niedostępna
2025-06-06 22:13,,,strona niedostępna
2025-06-07 12:25,,,strona niedostępna
2025-06-07 17:11,,,strona niedostępna
2025-06-07 22:12,,,strona niedostępna
2025-06-08 12:25,,,strona niedostępna
2025-06-08 17:11,,,strona niedostępna
2025-06-08 22:12,,,strona niedostępna
2025-06-09 12:28,,,strona niedostępna
2025-06-09 17:12,,,strona niedostępna
2025-06-09 22:13,,,strona niedostępna
2025-06-10 12:28,,,strona niedostępna
2025-06-10 17:12,,,strona niedostępna
2025-06-10 22:13,,,strona niedostępna
2025-06-11 12:28,,,strona niedostępna
2025-06-11 17:12,,,strona niedostępna
2025-06-11 22:13,,,strona niedostępna
2025-06-12 12:28,,,strona niedostępna
2025-06-12 17:13,,,strona niedostępna
2025-06-12 22:13,,,strona niedostępna
2025-06-13 12:28,,,strona niedostępna
2025-06-13 17:12,,,strona niedostępna
2025-06-13 22:13,,,strona niedostępna
2025-06-14 12:25,,,strona niedostępna
2025-06-14 17:11,,,strona niedostępna
2025-06-14 22:12,,,strona niedostępna
2025-06-15 12:25,,,strona niedostępna
2025-06-15 17:11,,,strona niedostępna
2025-06-15 22:12,,,strona niedostępna
2025-06-16 12:29,,,strona niedostępna
2025-06-16 17:12,,,strona niedostępna
2025-06-16 22:13,,,strona niedostępna
2025-06-17 12:29,,,strona niedostępna
2025-06-17 17:13,,,strona niedostępna
2025-06-17 22:13,,,strona niedostępna
2025-06-18 12:29,,,strona niedostępna
2025-06-18 17:14,,,strona niedostępna
2025-06-18 22:13,,,strona niedostępna
2025-06-19 12:28,,,strona niedostępna
2025-06-19 17:12,,,strona niedostępna
2025-06-19 22:13,,,strona niedostępna
2025-06-20 12:28,,,strona niedostępna
2025-06-20 17:12,,,strona niedostępna
2025-06-20 22:13,,,strona niedostępna
2025-06-21 12:25,,,strona niedostępna
2025-06-21 17:11,,,strona niedostępna
2025-06-21 22:12,,,strona niedostępna
2025-06-22 12:25,,,strona niedostępna
2025-06-22 17:11,,,strona niedostępna
2025-06-22 22:12,,,strona niedostępna
2025-06-23 12:29,,,strona niedostępna
2025-06-23 17:13,,,strona niedostępna
2025-06-23 22:13,,,strona niedostępna
2025-06-24 12:29,,,strona niedostępna
2025-06-24 17:14,,,strona niedostępna
2025-06-24 22:13,,,strona niedostępna
2025-06-25 12:29,,,strona niedostępna
2025-06-25 17:13,,,strona niedostępna
2025-06-25 22:13,,,strona niedostępna
2025-06-26 12:28,,,strona niedostępna
2025-06-26 17:13,,,strona niedostępna
2025-06-26 22:13,,,strona niedostępna
2025-06-27 12:28,,,strona niedostępna
2025-06-27 17:12,,,strona niedostępna
2025-06-27 22:14,,,strona niedostępna
2025-06-28 12:25,,,strona niedostępna
2025-06-28 17:11,,,strona niedostępna
2025-06-28 22:12,,,strona niedostępna
2025-06-29 12:25,,,strona niedostępna
2025-06-29 17:11,,,strona niedostępna
2025-06-29 22:12,,,strona niedostępna
2025-06-30 12:28,,,strona niedostępna
2025-06-30 17:12,,,strona niedostępna
2025-06-30 22:13,,,strona niedostępna
2025-07-01 12:28,,,strona niedostępna
2025-07-01 17:13,,,strona niedostępna
2025-07-01 22:13,,,strona niedostępna
2025-07-02 12:28,,,strona niedostępna
2025-07-02 17:13,,,strona niedostępna
2025-07-02 22:13,,,strona niedostępna
2025-07-03 12:28,,,strona niedostępna
2025-07-03 17:14,,,strona niedostępna
2025-07-03 22:13,,,strona niedostępna
2025-07-04 12:28,,,strona niedostępna
2025-07-04 17:12,,,strona niedostępna
2025-07-04 22:13,,,strona niedostępna
2025-07-05 12:25,,,strona niedostępna
2025-07-05 17:12,,,strona niedostępna
2025-07-05 22:12,,,strona niedostępna
2025-07-06 12:26,,,strona niedostępna
2025-07-06 17:11,,,strona niedostępna
2025-07-06 22:13,,,strona niedostępna
2025-07-07 12:28,,,strona niedostępna
2025-07-07 17:13,,,strona niedostępna
2025-07-07 22:13,,,strona niedostępna
2025-07-08 12:29,,,strona niedostępna
2025-07-08 17:13,,,strona niedostępna
2025-07-08 22:13,,,strona niedostępna
2025-07-09 12:29,,,strona niedostępna
2025-07-09 17:14,,,strona niedostępna
2025-07-09 22:14,,,strona niedostępna
2025-07-10 12:29,,,strona niedostępna
2025-07-10 17:15,,,strona niedostępna
2025-07-10 22:13,,,strona niedostępna
2025-07-11 12:28,,,strona niedostępna
2025-07-11 17:13,,,strona niedostępna
2025-07-11 22:13,,,strona niedostępna
2025-07-12 12:26,,,strona niedostępna
2025-07-12 17:11,,,strona niedostępna
2025-07-12 22:13,,,strona niedostępna
2025-07-13 12:26,,,strona niedostępna
2025-07-13 17:11,,,strona niedostępna
2025-07-13 22:13,,,strona niedostępna
2025-07-14 12:30,,,strona niedostępna
2025-07-14 17:14,,,strona niedostępna
2025-07-14 22:14,,,strona niedostępna
2025-07-15 12:30,,,strona niedostępna
2025-07-15 17:13,,,strona niedostępna
2025-07-15 22:14,,,strona niedostępna
2025-07-16 12:30,,,strona niedostępna
2025-07-16 17:16,,,strona niedostępna
2025-07-16 22:14,,,strona niedostępna
2025-07-17 12:30,,,strona niedostępna
2025-07-17 17:14,,,strona niedostępna
2025-07-17 22:14,,,strona niedostępna
2025-07-18 12:30,,,strona niedostępna
2025-07-18 17:16,,,strona niedostępna
2025-07-18 22:14,,,strona niedostępna
2025-07-19 12:27,,,strona niedostępna
2025-07-19 17:13,,,strona niedostępna
2025-07-19 22:13,,,strona niedostępna
2025-07-20 12:27,,,strona niedostępna
2025-07-20 17:12,,,strona niedostępna
2025-07-20 22:13,,,strona niedostępna
2025-07-21 12:31,,,strona niedostępna
2025-07-21 17:15,,,strona niedostępna
2025-07-21 22:15,,,strona niedostępna
2025-07-22 12:30,,,strona niedostępna
2025-07-22 17:15,,,strona niedostępna
2025-07-22 22:14,,,strona niedostępna
2025-07-23 12:31,,,strona niedostępna
2025-07-23 17:16,,,strona niedostępna
2025-07-23 22:14,,,strona niedostępna
2025-07-24 12:31,,,strona niedostępna
2025-07-24 17:14,,,strona niedostępna
2025-07-24 22:14,,,strona niedostępna
2025-07-25 12:29,,,strona niedostępna
2025-07-25 17:15,,,strona niedostępna
2025-07-25 22:13,,,strona niedostępna
2025-07-26 12:27,,,strona niedostępna
2025-07-26 17:13,,,strona niedostępna
2025-07-26 22:13,,,strona niedostępna
2025-07-27 12:28,,,strona niedostępna
2025-07-27 17:12,,,strona niedostępna
2025-07-27 22:13,,,strona niedostępna
2025-07-28 12:31,,,strona niedostępna
2025-07-28 17:17,,,strona niedostępna
2025-07-28 22:14,,,strona niedostępna
2025-07-29 12:31,,,strona niedostępna
2025-07-29 17:17,,,strona niedostępna
2025-07-29 22:14,,,strona niedostępna
2025-07-30 12:31,,,strona niedostępna
2025-07-30 17:15,,,strona niedostępna
2025-07-30 22:14,,,strona niedostępna
2025-07-31 12:30,,,strona niedostępna
2025-07-31 17:16,,,strona niedostępna
2025-07-31 22:14,,,strona niedostępna
2025-08-01 12:30,,,strona niedostępna
2025-08-01 17:16,,,strona niedostępna
2025-08-01 22:14,,,strona niedostępna
2025-08-02 12:28,,,strona niedostępna
2025-08-02 17:12,,,strona niedostępna
2025-08-02 22:13,,,strona niedostępna
2025-08-03 12:28,,,strona niedostępna
2025-08-03 17:13,,,strona niedostępna
2025-08-03 22:14,,,strona niedostępna
2025-08-04 12:33,,,strona niedostępna
2025-08-04 17:19,,,strona niedostępna
2025-08-04 22:15,,,strona niedostępna
2025-08-05 12:32,,,strona niedostępna
2025-08-05 17:14,,,strona niedostępna
2025-08-05 22:15,,,strona niedostępna
2025-08-06 12:32,,,strona niedostępna
2025-08-06 17:17,,,strona niedostępna
2025-08-06 22:15,,,strona niedostępna
2025-08-07 12:32,,,strona niedostępna
2025-08-07 17:16,,,strona niedostępna
2025-08-07 22:15,,,strona niedostępna
2025-08-08 12:31,,,strona niedostępna
2025-08-08 17:11,,,strona niedostępna
2025-08-08 22:13,,,strona niedostępna
2025-08-09 12:27,,,strona niedostępna
2025-08-09 17:11,,,strona niedostępna
2025-08-09 22:13,,,strona niedostępna
2025-08-10 12:27,,,strona niedostępna
2025-08-10 17:11,,,strona niedostępna
2025-08-10 22:13,,,strona niedostępna
2025-08-11 12:31,,,strona niedostępna
2025-08-11 17:15,,,strona niedostępna
2025-08-11 22:13,,,strona niedostępna
2025-08-12 12:29,,,strona niedostępna
2025-08-12 17:14,,,strona niedostępna
2025-08-12 22:13,,,strona niedostępna
2025-08-13 12:30,,,strona niedostępna
2025-08-13 17:11,,,strona niedostępna
2025-08-13 22:14,,,strona niedostępna
2025-08-14 12:30,,,strona niedostępna
2025-08-14 17:13,,,strona niedostępna
2025-08-14 22:13,,,strona niedostępna
2025-08-15 12:28,,,strona niedostępna
2025-08-15 17:12,,,strona niedostępna
2025-08-15 22:13,,,strona niedostępna
2025-08-16 12:26,,,strona niedostępna
2025-08-16 17:11,,,strona niedostępna
2025-08-16 22:12,,,strona niedostępna
2025-08-17 12:27,,,strona niedostępna
2025-08-17 17:12,,,strona niedostępna
2025-08-17 22:13,,,strona niedostępna
2025-08-18 12:30,,,strona niedostępna
2025-08-18 17:14,,,strona niedostępna
2025-08-18 22:12,,,strona niedostępna
2025-08-19 12:28,,,strona niedostępna
2025-08-19 17:12,,,strona niedostępna
2025-08-19 22:13,,,strona niedostępna
2025-08-20 12:28,,,strona niedostępna
2025-08-20 17:12,,,strona niedostępna
2025-08-20 22:12,,,strona niedostępna
2025-08-21 12:28,,,strona niedostępna
2025-08-21 22:13,,,strona niedostępna
2025-08-22 12:27,,,strona niedostępna
2025-08-22 17:12,,,strona niedostępna
2025-08-22 22:12,,,strona niedostępna
2025-08-23 12:24,,,strona niedostępna
2025-08-23 17:10,,,strona niedostępna
2025-08-23 22:12,,,strona niedostępna
2025-08-24 12:25,,,strona niedostępna
2025-08-24 17:11,,,strona niedostępna
2025-08-24 22:12,,,strona niedostępna
2025-08-25 12:28,,,strona niedostępna
2025-08-25 17:11,,,strona niedostępna
2025-08-25 22:13,,,strona niedostępna
2025-08-26 12:29,,,strona niedostępna
2025-08-26 17:12,,,strona niedostępna
2025-08-26 22:12,,,strona niedostępna
2025-08-27 12:28,,,strona niedostępna
2025-08-27 17:11,,,strona niedostępna
2025-08-27 22:12,,,strona niedostępna
2025-08-28 12:27,,,strona niedostępna
2025-08-28 17:11,,,strona niedostępna
2025-08-28 22:12,,,strona niedostępna
2025-08-29 12:27,,,strona niedostępna
2025-08-29 17:11,,,strona niedostępna
2025-08-29 22:12,,,strona niedostępna
2025-08-30 12:24,,,strona niedostępna
2025-08-30 17:10,,,strona niedostępna
2025-08-30 22:11,,,strona niedostępna
2025-08-31 12:24,,,strona niedostępna
2025-08-31 17:10,,,strona niedostępna
2025-08-31 22:12,,,strona niedostępna
2025-09-01 12:28,,,strona niedostępna
2025-09-01 17:11,,,strona niedostępna
2025-09-01 22:12,,,strona niedostępna
2025-09-02 12:28,,,strona niedostępna
2025-09-02 17:11,,,strona niedostępna
2025-09-02 22:10,,,strona niedostępna
2025-09-03 12:26,,,strona niedostępna
2025-09-03 17:11,,,strona niedostępna
2025-09-03 22:11,,,strona niedostępna
2025-09-04 12:27,,,strona niedostępna
2025-09-04 17:11,,,strona niedostępna
2025-09-04 22:12,,,strona niedostępna
2025-09-05 12:26,,,strona niedostępna
2025-09-05 17:11,,,strona niedostępna
2025-09-05 22:11,,,strona niedostępna
2025-09-06 12:23,,,strona niedostępna
2025-09-06 17:09,,,strona niedostępna
2025-09-06 22:11,,,strona niedostępna
2025-09-07 12:23,,,strona niedostępna
2025-09-07 17:09,,,strona niedostępna
2025-09-07 22:11,,,strona niedostępna
2025-09-08 12:28,,,strona niedostępna
2025-09-08 17:11,,,strona niedostępna
2025-09-08 22:12,,,strona niedostępna
2025-09-09 12:29,,,strona niedostępna
2025-09-09 17:11,,,strona niedostępna
2025-09-09 22:10,,,strona niedostępna
2025-09-10 12:26,,,strona niedostępna
2025-09-10 17:11,,,strona niedostępna
2025-09-10 22:12,,,strona niedostępna
2025-09-11 12:26,,,strona niedostępna
2025-09-11 17:10,,,strona niedostępna
2025-09-11 22:12,,,strona niedostępna
2025-09-12 12:26,,,strona niedostępna
2025-09-12 17:11,,,strona niedostępna
2025-09-12 22:11,,,strona niedostępna
2025-09-13 12:23,,,strona niedostępna
2025-09-13 17:09,,,strona niedostępna
2025-09-13 22:10,,,strona niedostępna
2025-09-14 12:23,,,strona niedostępna
2025-09-14 17:09,,,strona niedostępna
2025-09-14 22:11,,,strona niedostępna
2025-09-15 12:27,,,strona niedostępna
2025-09-15 17:11,,,strona niedostępna
2025-09-15 22:11,,,strona niedostępna
2025-09-16 12:27,,,strona niedostępna
2025-09-16 17:11,,,strona niedostępna
2025-09-16 22:11,,,strona niedostępna
2025-09-17 12:27,,,strona niedostępna
2025-09-17 17:11,,,strona niedostępna
2025-09-17 22:11,,,strona niedostępna
2025-09-18 12:26,,,strona niedostępna
2025-09-18 17:11,,,strona niedostępna
2025-09-18 22:11,,,strona niedostępna
2025-09-19 12:27,,,strona niedostępna
2025-09-19 17:11,,,strona niedostępna
2025-09-19 22:12,,,strona niedostępna
2025-09-20 12:24,,,strona niedostępna
2025-09-20 17:09,,,strona niedostępna
2025-09-20 22:10,,,strona niedostępna
2025-09-21 12:24,,,strona niedostępna
2025-09-21 17:10,,,strona niedostępna
2025-09-21 22:11,,,strona niedostępna
2025-09-22 12:27,,,strona niedostępna
2025-09-22 17:11,,,strona niedostępna
2025-09-22 22:12,,,strona niedostępna
2025-09-23 12:27,,,strona niedostępna
2025-09-23 17:10,,,strona niedostępna
2025-09-23 22:12,,,strona niedostępna
2025-09-24 12:27,,,strona niedostępna
2025-09-24 17:12,,,strona niedostępna
2025-09-24 22:12,,,strona niedostępna
2025-09-25 12:28,,,strona niedostępna
2025-09-25 17:11,,,strona niedostępna
2025-09-25 22:10,,,strona niedostępna
2025-09-26 12:27,,,strona niedostępna
2025-09-26 17:11,,,strona niedostępna
2025-09-26 22:11,,,strona niedostępna
2025-09-27 12:23,,,strona niedostępna
2025-09-27 17:09,,,strona niedostępna
2025-09-27 22:11,,,strona niedostępna
2025-09-28 12:23,,,strona niedostępna
2025-09-28 17:10,,,strona niedostępna
2025-09-28 22:11,,,strona niedostępna
2025-09-29 12:28,,,strona niedostępna
2025-09-29 17:12,,,strona niedostępna
2025-09-29 22:11,,,strona niedostępna
2025-09-30 12:28,,,strona niedostępna
2025-09-30 17:11,,,strona niedostępna
2025-09-30 22:12,,,strona niedostępna
2025-10-01 12:29,,,strona niedostępna
2025-10-01 17:12,,,strona niedostępna
2025-10-01 22:12,,,strona niedostępna
2025-10-02 12:26,,,strona niedostępna
2025-10-02 17:10,,,strona niedostępna
2025-10-02 22:11,,,strona niedostępna
2025-10-03 12:26,,,strona niedostępna
2025-10-03 17:10,,,strona niedostępna
2025-10-03 22:11,,,strona niedostępna
2025-10-04 12:23,,,strona niedostępna
2025-10-04 17:10,,,strona niedostępna
2025-10-04 22:11,,,strona niedostępna
2025-10-05 12:23,,,strona niedostępna
2025-10-05 17:10,,,strona niedostępna
2025-10-05 22:11,,,strona niedostępna
2025-10-06 12:28,,,strona niedostępna
2025-10-06 17:12,,,strona niedostępna
2025-10-06 22:11,,,strona niedostępna
2025-10-07 12:28,,,strona niedostępna
2025-10-07 17:11,,,strona niedostępna
2025-10-07 22:12,,,strona niedostępna
2025-10-08 12:28,,,strona niedostępna
2025-10-08 17:12,,,strona niedostępna
2025-10-08 22:12,,,strona niedostępna
2025-10-09 12:27,,,strona niedostępna
2025-10-09 17:12,,,strona niedostępna
2025-10-09 22:12,,,strona niedostępna
2025-10-10 12:28,,,strona niedostępna
2025-10-10 17:12,,,strona niedostępna
2025-10-10 22:11,,,strona niedostępna
2025-10-11 12:23,,,strona niedostępna
2025-10-11 17:10,,,strona niedostępna
2025-10-11 22:11,,,strona niedostępna
2025-10-12 12:24,,,strona niedostępna
2025-10-12 17:10,,,strona niedostępna
2025-10-12 22:11,,,strona niedostępna
2025-10-13 12:28,,,strona niedostępna
2025-10-13 17:12,,,strona niedostępna
2025-10-13 22:12,,,strona niedostępna
2025-10-14 12:29,,,strona niedostępna
2025-10-14 17:12,,,strona niedostępna
2025-10-14 22:12,,,strona niedostępna
2025-10-15 12:29,,,strona niedostępna
2025-10-15 17:12,,,strona niedostępna
2025-10-15 22:11,,,strona niedostępna
2025-10-16 12:29,,,strona niedostępna
2025-10-16 17:12,,,strona niedostępna
2025-10-16 22:10,,,strona niedostępna
2025-10-17 12:28,,,strona niedostępna
2025-10-17 17:11,,,strona niedostępna
2025-10-17 22:12,,,strona niedostępna
2025-10-18 12:24,,,strona niedostępna
2025-10-18 17:10,,,strona niedostępna
2025-10-18 22:11,,,strona niedostępna
2025-10-19 12:24,,,strona niedostępna
2025-10-19 17:10,,,strona niedostępna
2025-10-19 22:12,,,strona niedostępna
2025-10-20 12:29,,,strona niedostępna
2025-10-20 17:12,,,strona niedostępna
2025-10-20 22:12,,,strona niedostępna
2025-10-21 12:29,,,strona niedostępna
2025-10-21 17:13,,,strona niedostępna
2025-10-21 22:12,,,strona niedostępna
2025-10-22 12:29,,,strona niedostępna
2025-10-22 17:12,,,strona niedostępna
2025-10-22 22:11,,,strona niedostępna
2025-10-23 12:29,,,strona niedostępna
2025-10-23 17:12,,,strona niedostępna
2025-10-23 22:12,,,strona niedostępna
2025-10-24 12:29,,,strona niedostępna
2025-10-24 17:12,,,strona niedostępna
2025-10-24 22:12,,,strona niedostępna
2025-10-25 12:24,,,strona niedostępna
2025-10-25 17:10,,,strona niedostępna
2025-10-25 22:11,,,strona niedostępna
2025-10-26 12:25,,,strona niedostępna
2025-10-26 17:11,,,strona niedostępna
2025-10-26 22:12,,,strona niedostępna
2025-10-27 12:29,,,strona niedostępna
2025-10-27 17:12,,,strona niedostępna
2025-10-27 22:12,,,strona niedostępna
2025-10-28 12:28,,,strona niedostępna
2025-10-28 17:13,,,strona niedostępna
2025-10-28 22:13,,,strona niedostępna
2025-10-29 12:29,,,strona niedostępna
2025-10-29 17:13,,,strona niedostępna
2025-10-29 22:13,,,strona niedostępna
2025-10-30 12:28,,,strona niedostępna
2025-10-30 17:12,,,strona niedostępna
2025-10-30 22:13,,,strona niedostępna
2025-10-31 12:28,,,strona niedostępna
2025-10-31 17:12,,,strona niedostępna
2025-10-31 22:12,,,strona niedostępna
2025-11-01 12:24,,,strona niedostępna
2025-11-01 17:10,,,strona niedostępna
2025-11-01 22:11,,,strona niedostępna
2025-11-02 12:24,,,strona niedostępna
2025-11-02 17:11,,,strona niedostępna
2025-11-02 22:11,,,strona niedostępna
2025-11-03 12:29,,,strona niedostępna
2025-11-03 17:12,,,strona niedostępna
2025-11-03 22:13,,,strona niedostępna
2025-11-04 12:31,,,strona niedostępna
2025-11-04 17:10,,,strona niedostępna
2025-11-04 22:12,,,strona niedostępna
2025-11-05 12:29,,,strona niedostępna
2025-11-05 17:13,,,strona niedostępna
2025-11-05 22:13,,,strona niedostępna
2025-11-06 12:28,,,strona niedostępna
2025-11-06 17:14,,,strona niedostępna
2025-11-06 22:13,,,strona niedostępna
2025-11-07 12:28,,,strona niedostępna
2025-11-07 17:12,,,strona niedostępna
2025-11-07 22:13,,,strona niedostępna
2025-11-08 12:24,,,strona niedostępna
2025-11-08 17:10,,,strona niedostępna
2025-11-08 22:11,,,strona niedostępna
2025-11-09 12:25,,,strona niedostępna
2025-11-09 17:10,,,strona niedostępna
2025-11-09 22:12,,,strona niedostępna
2025-11-10 12:29,,,strona niedostępna
2025-11-10 17:13,,,strona niedostępna
2025-11-10 22:14,,,strona niedostępna
2025-11-11 12:29,,,strona niedostępna
2025-11-11 17:12,,,strona niedostępna
2025-11-11 22:13,,,strona niedostępna
2025-11-12 12:29,,,strona niedostępna
2025-11-12 17:14,,,strona niedostępna
2025-11-12 22:13,,,strona niedostępna
2025-11-13 12:30,,,strona niedostępna
2025-11-13 17:14,,,strona niedostępna
2025-11-13 22:14,,,strona niedostępna
2025-11-14 12:29,,,strona niedostępna
2025-11-14 17:12,,,strona niedostępna
2025-11-14 22:13,,,strona niedostępna
2025-11-15 12:25,,,strona niedostępna
2025-11-15 17:10,,,strona niedostępna
2025-11-15 22:10,,,strona niedostępna
2025-11-16 12:25,,,strona niedostępna
2025-11-16 17:11,,,strona niedostępna
2025-11-16 22:12,,,strona niedostępna
2025-11-17 12:29,,,strona niedostępna
2025-11-17 17:14,,,strona niedostępna
2025-11-17 22:13,,,strona niedostępna
2025-11-18 12:29,,,strona niedostępna
2025-11-18 17:14,,,strona niedostępna
2025-11-18 22:13,,,strona niedostępna
2025-11-19 12:29,,,strona niedostępna
2025-11-19 17:14,,,strona niedostępna
2025-11-19 22:13,,,strona niedostępna
2025-11-20 12:29,,,strona niedostępna
2025-11-20 17:11,,,strona niedostępna
2025-11-20 22:13,,,strona niedostępna
2025-11-21 12:28,,,strona niedostępna
2025-11-21 17:12,,,strona niedostępna
2025-11-21 22:13,,,strona niedostępna
2025-11-22 12:24,,,strona niedostępna
2025-11-22 17:11,,,strona niedostępna
2025-11-22 22:13,,,strona niedostępna
2025-11-23 12:24,,,strona niedostępna
2025-11-23 17:11,,,strona niedostępna
2025-11-23 22:13,,,strona niedostępna
2025-11-24 12:29,,,strona niedostępna
2025-11-24 17:14,,,strona niedostępna
2025-11-24 22:13,,,strona niedostępna
2025-11-25 12:30,,,strona niedostępna
2025-11-25 17:14,,,strona niedostępna
2025-11-25 22:13,,,strona niedostępna
2025-11-26 12:30,,,strona niedostępna
2025-11-26 17:13,,,strona niedostępna
2025-11-26 22:13,,,strona niedostępna
2025-11-27 12:30,,,strona niedostępna
2025-11-27 17:11,,,strona niedostępna
2025-11-27 22:13,,,strona niedostępna
2025-11-28 12:28,,,strona niedostępna
2025-11-28 17:12,,,strona niedostępna
2025-11-28 22:12,,,strona niedostępna
2025-11-29 12:26,,,strona niedostępna
2025-11-29 17:12,,,strona niedostępna
2025-11-29 22:13,,,strona niedostępna
2025-11-30 12:26,,,strona niedostępna
2025-11-30 17:12,,,strona niedostępna
2025-11-30 22:13,,,strona niedostępna
2025-12-01 12:30,,,strona niedostępna
2025-12-01 17:16,,,strona niedostępna
2025-12-01 22:12,,,strona niedostępna
2025-12-02 12:32,,,strona niedostępna
2025-12-02 17:17,,,strona niedostępna
2025-12-02 22:13,,,strona niedostępna
2025-12-03 12:30,,,strona niedostępna
2025-12-03 17:18,,,strona niedostępna
2025-12-03 22:14,,,strona niedostępna
2025-12-04 12:32,,,strona niedostępna
2025-12-04 17:17,,,strona niedostępna
2025-12-04 22:12,,,strona niedostępna
2025-12-05 12:30,,,strona niedostępna
2025-12-05 17:14,,,strona niedostępna
2025-12-05 22:13,,,strona niedostępna
2025-12-06 12:26,,,strona niedostępna
2025-12-06 17:11,,,strona niedostępna
2025-12-06 22:12,,,strona niedostępna
2025-12-07 12:26,,,strona niedostępna
2025-12-07 17:11,,,strona niedostępna
2025-12-07 22:13,,,strona niedostępna
2025-12-08 12:30,,,strona niedostępna
2025-12-08 17:15,,,strona niedostępna
2025-12-08 22:14,,,strona niedostępna
2025-12-09 12:31,,,strona niedostępna
2025-12-09 17:15,,,strona niedostępna
2025-12-09 22:14,,,strona niedostępna
2025-12-10 12:31,,,strona niedostępna
2025-12-10 17:17,,,strona niedostępna
2025-12-10 22:15,,,strona niedostępna
2025-12-11 12:32,,,strona niedostępna
2025-12-11 17:21,,,strona niedostępna
2025-12-11 22:14,,,strona niedostępna
2025-12-12 12:31,,,strona niedostępna
2025-12-12 17:14,,,strona niedostępna
2025-12-12 22:14,,,strona niedostępna
2025-12-13 12:27,,,strona niedostępna
2025-12-13 17:12,,,strona niedostępna
2025-12-13 22:13,,,strona niedostępna
2025-12-14 12:27,,,strona niedostępna
2025-12-14 17:12,,,strona niedostępna
2025-12-14 22:13,,,strona niedostępna
2025-12-15 12:34,,,strona niedostępna
2025-12-15 17:20,,,strona niedostępna
2025-12-15 22:14,,,strona niedostępna
2025-12-16 12:32,,,strona niedostępna
2025-12-16 17:19,,,strona niedostępna
2025-12-16 22:14,,,strona niedostępna
2025-12-17 12:32,,,strona niedostępna
2025-12-17 17:19,,,strona niedostępna
2025-12-17 22:14,,,strona niedostępna
2025-12-18 12:31,,,strona niedostępna
2025-12-18 17:18,,,strona niedostępna
2025-12-18 22:14,,,strona niedostępna
2025-12-19 12:30,,,strona niedostępna
2025-12-19 17:14,,,strona niedostępna
2025-12-19 22:15,,,strona niedostępna
2025-12-20 12:27,,,strona niedostępna
2025-12-20 17:11,,,strona niedostępna
2025-12-20 22:13,,,strona niedostępna
2025-12-21 12:27,,,strona niedostępna
2025-12-21 17:12,,,strona niedostępna
2025-12-21 22:13,,,strona niedostępna
2025-12-22 12:31,,,strona niedostępna
2025-12-22 17:13,,,strona niedostępna
2025-12-22 22:14,,,strona niedostępna
2025-12-23 12:31,,,strona niedostępna
2025-12-23 17:15,,,strona niedostępna
2025-12-23 22:14,,,strona niedostępna
2025-12-24 12:31,,,strona niedostępna
2025-12-24 17:12,,,strona niedostępna
2025-12-24 22:14,,,strona niedostępna
2025-12-25 12:30,,,strona niedostępna
2025-12-25 17:13,,,strona niedostępna
2025-12-25 22:14,,,strona niedostępna
2025-12-26 12:30,,,strona niedostępna
2025-12-26 17:13,,,strona niedostępna
2025-12-26 22:14,,,strona niedostępna
2025-12-27 12:28,,,strona niedostępna
2025-12-27 17:12,,,strona niedostępna
2025-12-27 22:13,,,strona niedostępna
2025-12-28 12:28,,,strona niedostępna
2025-12-28 17:12,,,strona niedostępna
2025-12-28 22:14,,,strona niedostępna
2025-12-29 12:32,,,strona niedostępna
2025-12-29 17:13,,,strona niedostępna
2025-12-29 22:14,,,strona niedostępna
2025-12-30 12:31,,,strona niedostępna
2025-12-30 17:16,,,strona niedostępna
2025-12-30 22:14,,,strona niedostępna
2025-12-31 12:30,,,strona niedostępna
2025-12-31 17:13,,,strona niedostępna
2025-12-31 22:15,,,strona niedostępna
2026-01-01 12:30,,,strona niedostępna
2026-01-01 17:14,,,strona niedostępna
2026-01-01 22:14,,,strona niedostępna
2026-01-02 12:29,,,strona niedostępna
2026-01-02 17:13,,,strona niedostępna
2026-01-02 22:14,,,strona niedostępna
2026-01-03 12:28,,,strona niedostępna
2026-01-03 17:12,,,strona niedostępna
2026-01-03 22:13,,,strona niedostępna
2026-01-04 12:28,,,strona niedostępna
2026-01-04 17:12,,,strona niedostępna
2026-01-04 22:14,,,strona niedostępna
2026-01-05 12:33,,,strona niedostępna
2026-01-05 17:17,,,strona niedostępna
2026-01-05 22:15,,,strona niedostępna
2026-01-06 12:32,,,strona niedostępna
2026-01-06 17:18,,,strona niedostępna
2026-01-06 22:15,,,strona niedostępna
2026-01-07 12:33,,,strona niedostępna
2026-01-07 17:21,,,strona niedostępna
2026-01-07 22:14,,,strona niedostępna
2026-01-08 12:33,,,strona niedostępna
2026-01-08 17:22,,,strona niedostępna
2026-01-08 22:15,,,strona niedostępna
2026-01-09 12:32,,,strona niedostępna
2026-01-09 17:18,,,strona niedostępna
2026-01-09 22:15,,,strona niedostępna
2026-01-10 12:28,,,strona niedostępna
2026-01-10 17:12,,,strona niedostępna
2026-01-10 22:14,,,strona niedostępna
2026-01-11 12:29,,,strona niedostępna
2026-01-11 17:12,,,strona niedostępna
2026-01-11 22:14,,,strona niedostępna
2026-01-12 12:34,,,strona niedostępna
