2024-06-16 19:09,335.30,brak na stronie, Dodaj do koszyka 
2024-06-16 19:33,335.30,brak na stronie, Dodaj do koszyka 
2024-06-16 19:34,335.30,brak na stronie, Dodaj do koszyka 
2024-06-16 22:08,334.57,brak na stronie, Dodaj do koszyka 
2024-06-17 12:14,331.47,brak na stronie, Dodaj do koszyka 
2024-06-17 17:07,330.18,brak na stronie, Dodaj do koszyka 
2024-06-17 22:07,330.13,brak na stronie, Dodaj do koszyka 
2024-06-18 12:14,330.11,brak na stronie, Dodaj do koszyka 
2024-06-18 17:07,330.40,brak na stronie, Dodaj do koszyka 
2024-06-18 22:07,330.49,brak na stronie, Dodaj do koszyka 
2024-06-19 12:14,329.75,brak na stronie, Dodaj do koszyka 
2024-06-19 17:08,329.63,brak na stronie, Dodaj do koszyka 
2024-06-19 22:08,329.62,brak na stronie, Dodaj do koszyka 
2024-06-20 07:43,330.91,brak na stronie, Dodaj do koszyka 
2024-06-20 07:44,330.91,brak na stronie, Dodaj do koszyka 
2024-06-20 07:51,330.91,brak na stronie, Dodaj do koszyka 
2024-06-20 08:12,330.34,brak na stronie, Dodaj do koszyka 
2024-06-20 10:02,330.71,brak na stronie, Dodaj do koszyka 
2024-06-20 10:13,330.71,brak na stronie, Dodaj do koszyka 
2024-06-20 10:14,330.71,brak na stronie, Dodaj do koszyka 
2024-06-20 12:19,330.95,brak na stronie, Dodaj do koszyka 
2024-06-20 17:09,334.57,brak na stronie, Dodaj do koszyka 
2024-06-20 22:09,335.13,brak na stronie, Dodaj do koszyka 
2024-06-21 12:18,336.16,brak na stronie, Dodaj do koszyka 
2024-06-21 17:11,330.01,brak na stronie, Dodaj do koszyka 
2024-06-21 22:10,329.89,brak na stronie, Dodaj do koszyka 
2024-06-22 12:17,329.89,brak na stronie, Dodaj do koszyka 
2024-06-22 17:08,329.89,brak na stronie, Dodaj do koszyka 
2024-06-22 22:09,329.89,brak na stronie, Dodaj do koszyka 
2024-06-23 12:18,329.89,brak na stronie, Dodaj do koszyka 
2024-06-23 17:08,329.89,brak na stronie, Dodaj do koszyka 
2024-06-23 22:09,330.13,brak na stronie, Dodaj do koszyka 
2024-06-24 12:20,327.35,brak na stronie, Dodaj do koszyka 
2024-06-24 17:09,327.81,brak na stronie, Dodaj do koszyka 
2024-06-24 22:11,327.94,brak na stronie, Dodaj do koszyka 
2024-06-25 12:19,328.19,brak na stronie, Dodaj do koszyka 
2024-06-25 17:10,326.92,brak na stronie, Dodaj do koszyka 
2024-06-25 22:09,327.02,brak na stronie, Dodaj do koszyka 
2024-06-26 12:20,327.70,brak na stronie, Dodaj do koszyka 
2024-06-26 17:09,326.25,brak na stronie, Dodaj do koszyka 
2024-06-26 22:10,326.35,brak na stronie, Dodaj do koszyka 
2024-06-27 12:19,328.77,brak na stronie, Dodaj do koszyka 
2024-06-27 17:11,329.08,brak na stronie, Dodaj do koszyka 
2024-06-27 22:10,329.41,brak na stronie, Dodaj do koszyka 
2024-06-28 12:19,329.94,brak na stronie, Dodaj do koszyka 
2024-06-28 17:10,329.30,brak na stronie, Dodaj do koszyka 
2024-06-28 22:09,328.84,brak na stronie, Dodaj do koszyka 
2024-06-29 12:19,328.84,brak na stronie, Dodaj do koszyka 
2024-06-29 17:09,328.84,brak na stronie, Dodaj do koszyka 
2024-06-29 22:11,328.84,brak na stronie, Dodaj do koszyka 
2024-06-30 12:18,328.84,brak na stronie, Dodaj do koszyka 
2024-06-30 17:09,328.84,brak na stronie, Dodaj do koszyka 
2024-06-30 22:09,328.57,brak na stronie, Dodaj do koszyka 
2024-07-01 12:21,328.19,brak na stronie, Dodaj do koszyka 
2024-07-01 17:10,328.91,brak na stronie, Dodaj do koszyka 
2024-07-01 22:10,329.38,brak na stronie, Dodaj do koszyka 
2024-07-02 12:19,328.58,brak na stronie, Dodaj do koszyka 
2024-07-02 17:09,327.73,brak na stronie, Dodaj do koszyka 
2024-07-02 22:10,328.29,brak na stronie, Dodaj do koszyka 
2024-07-03 12:20,329.53,brak na stronie, Dodaj do koszyka 
2024-07-03 17:09,329.33,brak na stronie, Dodaj do koszyka 
2024-07-03 22:10,330.14,brak na stronie, Dodaj do koszyka 
2024-07-04 12:19,329.25,brak na stronie, Dodaj do koszyka 
2024-07-04 17:10,327.92,brak na stronie, Dodaj do koszyka 
2024-07-04 22:10,328.05,brak na stronie, Dodaj do koszyka 
2024-07-05 12:19,328.52,brak na stronie, Dodaj do koszyka 
2024-07-05 17:10,331.68,brak na stronie, Dodaj do koszyka 
2024-07-05 22:11,331.78,brak na stronie, Dodaj do koszyka 
2024-07-06 12:17,331.78,brak na stronie, Dodaj do koszyka 
2024-07-06 17:08,331.78,brak na stronie, Dodaj do koszyka 
2024-07-06 22:10,331.78,brak na stronie, Dodaj do koszyka 
2024-07-07 12:18,331.78,brak na stronie, Dodaj do koszyka 
2024-07-07 17:09,331.78,brak na stronie, Dodaj do koszyka 
2024-07-07 22:10,332.88,brak na stronie, Dodaj do koszyka 
2024-07-08 12:20,329.16,brak na stronie, Dodaj do koszyka 
2024-07-08 17:09,326.11,brak na stronie, Dodaj do koszyka 
2024-07-08 22:10,326.80,brak na stronie, Dodaj do koszyka 
2024-07-09 12:21,326.80,brak na stronie, Dodaj do koszyka 
2024-07-09 17:10,326.42,brak na stronie, Dodaj do koszyka 
2024-07-09 22:11,326.97,brak na stronie, Dodaj do koszyka 
2024-07-10 12:20,328.34,brak na stronie, Dodaj do koszyka 
2024-07-10 17:09,328.65,brak na stronie, Dodaj do koszyka 
2024-07-10 22:09,327.98,brak na stronie, Dodaj do koszyka 
2024-07-11 12:20,327.74,brak na stronie, Dodaj do koszyka 
2024-07-11 17:09,332.20,brak na stronie, Dodaj do koszyka 
2024-07-11 22:10,332.59,brak na stronie, Dodaj do koszyka 
2024-07-12 12:20,329.67,brak na stronie, Dodaj do koszyka 
2024-07-12 17:10,331.03,brak na stronie, Dodaj do koszyka 
2024-07-12 22:09,330.46,brak na stronie, Dodaj do koszyka 
2024-07-13 12:17,330.46,brak na stronie, Dodaj do koszyka 
2024-07-13 17:08,330.46,brak na stronie, Dodaj do koszyka 
2024-07-13 22:09,330.46,brak na stronie, Dodaj do koszyka 
2024-07-14 12:28,330.46,brak na stronie, Dodaj do koszyka 
2024-07-14 17:15,330.46,brak na stronie, Dodaj do koszyka 
2024-07-14 22:10,331.36,brak na stronie, Dodaj do koszyka 
2024-07-15 12:20,331.35,brak na stronie, Dodaj do koszyka 
2024-07-15 17:10,332.62,brak na stronie, Dodaj do koszyka 
2024-07-15 22:10,332.44,brak na stronie, Dodaj do koszyka 
2024-07-16 12:21,335.78,brak na stronie, Dodaj do koszyka 
2024-07-16 17:09,340.16,brak na stronie, Dodaj do koszyka 
2024-07-16 22:10,340.64,brak na stronie, Dodaj do koszyka 
2024-07-17 12:20,341.05,brak na stronie, Dodaj do koszyka 
2024-07-17 17:09,338.97,brak na stronie, Dodaj do koszyka 
2024-07-17 22:10,338.96,brak na stronie, Dodaj do koszyka 
2024-07-18 12:20,340.35,brak na stronie, Dodaj do koszyka 
2024-07-18 17:10,338.44,brak na stronie, Dodaj do koszyka 
2024-07-18 22:09,338.33,brak na stronie, Dodaj do koszyka 
2024-07-19 12:19,332.80,brak na stronie, Dodaj do koszyka 
2024-07-19 17:10,331.97,brak na stronie, Dodaj do koszyka 
2024-07-19 22:11,332.14,brak na stronie, Dodaj do koszyka 
2024-07-20 12:18,332.14,brak na stronie, Dodaj do koszyka 
2024-07-20 17:09,332.14,brak na stronie, Dodaj do koszyka 
2024-07-20 22:10,332.14,brak na stronie, Dodaj do koszyka 
2024-07-21 12:19,332.14,brak na stronie, Dodaj do koszyka 
2024-07-21 17:08,332.14,brak na stronie, Dodaj do koszyka 
2024-07-21 22:10,332.74,brak na stronie, Dodaj do koszyka 
2024-07-22 12:20,330.81,brak na stronie, Dodaj do koszyka 
2024-07-22 17:09,330.17,brak na stronie, Dodaj do koszyka 
2024-07-22 22:10,330.86,brak na stronie, Dodaj do koszyka 
2024-07-23 12:20,333.04,brak na stronie, Dodaj do koszyka 
2024-07-23 17:09,332.85,brak na stronie, Dodaj do koszyka 
2024-07-23 22:11,333.67,brak na stronie, Dodaj do koszyka 
2024-07-24 12:19,335.90,brak na stronie, Dodaj do koszyka 
2024-07-24 17:09,336.01,brak na stronie, Dodaj do koszyka 
2024-07-24 22:10,333.80,brak na stronie, Dodaj do koszyka 
2024-07-25 12:20,328.70,brak na stronie, Dodaj do koszyka 
2024-07-25 17:09,327.49,brak na stronie, Dodaj do koszyka 
2024-07-25 22:10,328.35,brak na stronie, Dodaj do koszyka 
2024-07-26 12:19,328.27,brak na stronie, Dodaj do koszyka 
2024-07-26 17:10,329.82,brak na stronie, Dodaj do koszyka 
2024-07-26 22:11,330.19,brak na stronie, Dodaj do koszyka 
2024-07-27 12:20,330.19,brak na stronie, Dodaj do koszyka 
2024-07-27 17:09,330.19,brak na stronie, Dodaj do koszyka 
2024-07-27 22:09,330.19,brak na stronie, Dodaj do koszyka 
2024-07-28 12:18,330.19,brak na stronie, Dodaj do koszyka 
2024-07-28 17:09,330.19,brak na stronie, Dodaj do koszyka 
2024-07-28 22:10,330.32,brak na stronie, Dodaj do koszyka 
2024-07-29 12:20,332.98,brak na stronie, Dodaj do koszyka 
2024-07-29 17:10,331.63,brak na stronie, Dodaj do koszyka 
2024-07-29 22:12,332.16,brak na stronie, Dodaj do koszyka 
2024-07-30 12:20,331.82,brak na stronie, Dodaj do koszyka 
2024-07-30 17:09,335.14,brak na stronie, Dodaj do koszyka 
2024-07-30 22:09,336.20,brak na stronie, Dodaj do koszyka 
2024-07-31 12:21,336.41,brak na stronie, Dodaj do koszyka 
2024-07-31 17:12,337.85,brak na stronie, Dodaj do koszyka 
2024-07-31 22:10,340.60,brak na stronie, Dodaj do koszyka 
2024-08-01 12:20,341.69,brak na stronie, Dodaj do koszyka 
2024-08-01 17:11,341.60,brak na stronie, Dodaj do koszyka 
2024-08-01 22:09,342.56,brak na stronie, Dodaj do koszyka 
2024-08-02 12:19,341.72,brak na stronie, Dodaj do koszyka 
2024-08-02 17:10,335.27,brak na stronie, Dodaj do koszyka 
2024-08-02 22:11,337.22,brak na stronie, Dodaj do koszyka 
2024-08-03 12:18,337.22,brak na stronie, Dodaj do koszyka 
2024-08-03 17:09,337.22,brak na stronie, Dodaj do koszyka 
2024-08-03 22:09,337.22,brak na stronie, Dodaj do koszyka 
2024-08-04 12:18,337.22,brak na stronie, Dodaj do koszyka 
2024-08-04 17:09,337.22,brak na stronie, Dodaj do koszyka 
2024-08-04 22:11,337.28,brak na stronie, Dodaj do koszyka 
2024-08-05 12:21,329.00,brak na stronie, Dodaj do koszyka 
2024-08-05 17:10,331.01,brak na stronie, Dodaj do koszyka 
2024-08-05 22:10,332.88,brak na stronie, Dodaj do koszyka 
2024-08-06 12:20,334.67,brak na stronie, Dodaj do koszyka 
2024-08-06 17:11,331.25,brak na stronie, Dodaj do koszyka 
2024-08-06 22:10,brak na stronie,brak na stronie,nie dostępny
2024-08-07 12:20,334.16,brak na stronie, Dodaj do koszyka 
2024-08-07 17:11,333.49,brak na stronie, Dodaj do koszyka 
2024-08-07 22:10,331.62,brak na stronie, Dodaj do koszyka 
2024-08-08 12:20,335.08,brak na stronie, Dodaj do koszyka 
2024-08-08 17:09,336.90,brak na stronie, Dodaj do koszyka 
2024-08-08 22:10,337.97,brak na stronie, Dodaj do koszyka 
2024-08-09 12:20,337.91,brak na stronie, Dodaj do koszyka 
2024-08-09 17:10,338.56,brak na stronie, Dodaj do koszyka 
2024-08-09 22:11,338.09,brak na stronie, Dodaj do koszyka 
2024-08-10 12:19,338.09,brak na stronie, Dodaj do koszyka 
2024-08-10 17:08,338.09,brak na stronie, Dodaj do koszyka 
2024-08-10 22:10,338.09,brak na stronie, Dodaj do koszyka 
2024-08-11 12:18,338.09,brak na stronie, Dodaj do koszyka 
2024-08-11 17:09,338.09,brak na stronie, Dodaj do koszyka 
2024-08-11 22:11,338.32,brak na stronie, Dodaj do koszyka 
2024-08-12 12:22,338.59,brak na stronie, Dodaj do koszyka 
2024-08-12 17:10,341.13,brak na stronie, Dodaj do koszyka 
2024-08-12 22:10,342.39,brak na stronie, Dodaj do koszyka 
2024-08-13 12:21,340.05,brak na stronie, Dodaj do koszyka 
2024-08-13 17:10,339.53,brak na stronie, Dodaj do koszyka 
2024-08-13 22:10,338.26,brak na stronie, Dodaj do koszyka 
2024-08-14 12:20,338.84,brak na stronie, Dodaj do koszyka 
2024-08-14 17:09,334.54,brak na stronie, Dodaj do koszyka 
2024-08-14 22:11,335.31,brak na stronie, Dodaj do koszyka 
2024-08-15 12:21,336.98,brak na stronie, Dodaj do koszyka 
2024-08-15 17:09,336.82,brak na stronie, Dodaj do koszyka 
2024-08-15 22:10,337.52,brak na stronie, Dodaj do koszyka 
2024-08-16 12:20,337.82,brak na stronie, Dodaj do koszyka 
2024-08-16 17:09,339.81,brak na stronie, Dodaj do koszyka 
2024-08-16 22:10,340.91,brak na stronie, Dodaj do koszyka 
2024-08-17 12:17,340.91,brak na stronie, Dodaj do koszyka 
2024-08-17 17:08,340.91,brak na stronie, Dodaj do koszyka 
2024-08-17 22:09,340.91,brak na stronie, Dodaj do koszyka 
2024-08-18 12:20,340.91,brak na stronie, Dodaj do koszyka 
2024-08-18 17:08,340.91,brak na stronie, Dodaj do koszyka 
2024-08-18 22:10,341.50,brak na stronie, Dodaj do koszyka 
2024-08-19 12:20,338.87,brak na stronie, Dodaj do koszyka 
2024-08-19 17:11,339.20,brak na stronie, Dodaj do koszyka 
2024-08-19 22:11,338.84,brak na stronie, Dodaj do koszyka 
2024-08-20 12:21,341.69,brak na stronie, Dodaj do koszyka 
2024-08-20 17:10,339.59,brak na stronie, Dodaj do koszyka 
2024-08-20 22:09,339.81,brak na stronie, Dodaj do koszyka 
2024-08-21 12:20,340.37,brak na stronie, Dodaj do koszyka 
2024-08-21 17:10,338.46,brak na stronie, Dodaj do koszyka 
2024-08-21 22:10,339.21,brak na stronie, Dodaj do koszyka 
2024-08-22 12:20,338.00,brak na stronie, Dodaj do koszyka 
2024-08-22 17:10,336.35,brak na stronie, Dodaj do koszyka 
2024-08-22 22:11,336.71,brak na stronie, Dodaj do koszyka 
2024-08-23 12:20,338.04,brak na stronie, Dodaj do koszyka 
2024-08-23 17:09,336.76,brak na stronie, Dodaj do koszyka 
2024-08-23 22:10,336.47,brak na stronie, Dodaj do koszyka 
2024-08-24 12:18,336.47,brak na stronie, Dodaj do koszyka 
2024-08-24 17:10,336.47,brak na stronie, Dodaj do koszyka 
2024-08-24 22:09,336.47,brak na stronie, Dodaj do koszyka 
2024-08-25 12:19,336.47,brak na stronie, Dodaj do koszyka 
2024-08-25 17:11,336.47,brak na stronie, Dodaj do koszyka 
2024-08-25 22:10,337.87,brak na stronie, Dodaj do koszyka 
2024-08-26 12:21,340.29,brak na stronie, Dodaj do koszyka 
2024-08-26 17:10,340.01,brak na stronie, Dodaj do koszyka 
2024-08-26 22:11,339.64,brak na stronie, Dodaj do koszyka 
2024-08-27 12:20,338.76,310.78, Dodaj do koszyka 
2024-08-27 17:10,339.33,311.30, Dodaj do koszyka 
2024-08-27 22:10,339.93,311.87, Dodaj do koszyka 
2024-08-28 12:22,339.87,311.78,nie dostępny
2024-08-28 17:10,339.66,311.59,nie dostępny
2024-08-28 22:10,340.35,312.23,nie dostępny
2024-08-29 12:21,342.02,313.78,nie dostępny
2024-08-29 17:10,343.26,314.92,nie dostępny
2024-08-29 22:10,342.95,314.64,nie dostępny
2024-08-30 12:20,342.06,313.82,nie dostępny
2024-08-30 17:11,340.22,312.10,nie dostępny
2024-08-30 22:10,340.99,312.81,nie dostępny
2024-08-31 12:19,340.99,312.81,nie dostępny
2024-08-31 17:09,340.99,312.81,nie dostępny
2024-08-31 22:11,340.99,312.81,nie dostępny
2024-09-01 12:19,340.99,312.81,nie dostępny
2024-09-01 17:09,340.99,312.81,nie dostępny
2024-09-01 22:11,341.36,313.16,nie dostępny
2024-09-02 12:22,339.47,311.42,nie dostępny
2024-09-02 17:10,339.00,310.98, Dodaj do koszyka 
2024-09-02 22:11,338.88,310.87, Dodaj do koszyka 
2024-09-03 12:21,340.18,312.06, Dodaj do koszyka 
2024-09-03 17:11,338.87,310.85, Dodaj do koszyka 
2024-09-03 22:11,339.76,311.67, Dodaj do koszyka 
2024-09-04 12:22,338.87,310.85, Dodaj do koszyka 
2024-09-04 17:10,338.54,310.56, Dodaj do koszyka 
2024-09-04 22:10,338.39,310.42, Dodaj do koszyka 
2024-09-05 12:21,339.72,311.66, Dodaj do koszyka 
2024-09-05 17:10,340.34,312.22, Dodaj do koszyka 
2024-09-05 22:11,340.90,312.75, Dodaj do koszyka 
2024-09-06 12:21,340.41,312.30, Dodaj do koszyka 
2024-09-06 17:10,338.23,310.26, Dodaj do koszyka 
2024-09-06 22:10,338.96,310.94, Dodaj do koszyka 
2024-09-07 12:19,338.96,310.94, Dodaj do koszyka 
2024-09-07 17:10,338.96,310.94, Dodaj do koszyka 
2024-09-07 22:10,338.96,310.94, Dodaj do koszyka 
2024-09-08 12:19,338.96,310.94, Dodaj do koszyka 
2024-09-08 17:10,338.96,310.94, Dodaj do koszyka 
2024-09-08 22:10,339.12,311.09, Dodaj do koszyka 
2024-09-09 12:22,340.31,312.18, Dodaj do koszyka 
2024-09-09 17:10,340.27,312.15, Dodaj do koszyka 
2024-09-09 22:10,341.35,313.15, Dodaj do koszyka 
2024-09-10 12:23,341.88,313.64, Dodaj do koszyka 
2024-09-10 17:10,343.15,314.81, Dodaj do koszyka 
2024-09-10 22:11,343.52,315.15, Dodaj do koszyka 
2024-09-11 12:21,343.48,315.12, Dodaj do koszyka 
2024-09-11 17:10,344.36,315.92, Dodaj do koszyka 
2024-09-11 22:10,343.91,315.50, Dodaj do koszyka 
2024-09-12 12:21,345.45,316.93, Dodaj do koszyka 
2024-09-12 17:10,348.13,319.43, Dodaj do koszyka 
2024-09-12 22:11,348.02,319.33, Dodaj do koszyka 
2024-09-13 12:21,349.05,320.29, Dodaj do koszyka 
2024-09-13 17:10,350.74,321.86, Dodaj do koszyka 
2024-09-13 22:11,350.60,321.72, Dodaj do koszyka 
2024-09-14 12:19,350.60,321.72, Dodaj do koszyka 
2024-09-14 17:10,350.60,321.72, Dodaj do koszyka 
2024-09-14 22:11,350.60,321.72, Dodaj do koszyka 
2024-09-15 12:20,350.60,321.72, Dodaj do koszyka 
2024-09-15 17:09,350.60,321.72, Dodaj do koszyka 
2024-09-15 22:11,350.13,321.29, Dodaj do koszyka 
2024-09-16 12:23,348.22,319.54, Dodaj do koszyka 
2024-09-16 17:10,348.87,320.14, Dodaj do koszyka 
2024-09-16 22:10,348.90,320.17, Dodaj do koszyka 
2024-09-17 12:21,347.43,318.81, Dodaj do koszyka 
2024-09-17 17:10,346.35,317.80, Dodaj do koszyka 
2024-09-17 22:10,347.45,318.82, Dodaj do koszyka 
2024-09-18 12:22,347.74,319.10, Dodaj do koszyka 
2024-09-18 17:10,347.30,318.69, Dodaj do koszyka 
2024-09-18 22:11,345.62,317.13, Dodaj do koszyka 
2024-09-19 12:22,348.17,319.51, Dodaj do koszyka 
2024-09-19 17:10,348.83,320.11, Dodaj do koszyka 
2024-09-19 22:11,348.28,319.60, Dodaj do koszyka 
2024-09-20 12:22,352.05,323.10, Dodaj do koszyka 
2024-09-20 17:10,352.16,323.21, Dodaj do koszyka 
2024-09-20 22:12,352.49,323.51, Dodaj do koszyka 
2024-09-21 12:19,352.49,323.51, Dodaj do koszyka 
2024-09-21 17:10,352.49,323.51, Dodaj do koszyka 
2024-09-21 22:10,352.49,323.51, Dodaj do koszyka 
2024-09-22 12:20,352.49,323.51, Dodaj do koszyka 
2024-09-22 17:10,352.49,323.51, Dodaj do koszyka 
2024-09-22 22:11,352.59,323.60, Dodaj do koszyka 
2024-09-23 12:23,354.57,325.42, Dodaj do koszyka 
2024-09-23 17:11,354.83,325.66, Dodaj do koszyka 
2024-09-23 22:12,355.01,325.83, Dodaj do koszyka 
2024-09-24 12:23,353.35,324.30, Dodaj do koszyka 
2024-09-24 17:11,355.29,326.11, Dodaj do koszyka 
2024-09-24 22:11,355.74,326.54, Dodaj do koszyka 
2024-09-25 12:23,355.99,326.77, Dodaj do koszyka 
2024-09-25 17:10,358.07,330.92, Dodaj do koszyka 
2024-09-25 22:11,358.30,331.13, Dodaj do koszyka 
2024-09-26 12:23,360.04,332.74, Dodaj do koszyka 
2024-09-26 17:12,359.28,332.04, Dodaj do koszyka 
2024-09-26 22:11,359.34,332.09, Dodaj do koszyka 
2024-09-27 12:23,358.51,331.32, Dodaj do koszyka 
2024-09-27 17:11,356.59,329.55, Dodaj do koszyka 
2024-09-27 22:11,357.50,330.39, Dodaj do koszyka 
2024-09-28 12:20,357.50,330.39, Dodaj do koszyka 
2024-09-28 17:09,357.50,330.39, Dodaj do koszyka 
2024-09-28 22:10,357.50,330.39, Dodaj do koszyka 
2024-09-29 12:20,357.50,330.39, Dodaj do koszyka 
2024-09-29 17:09,357.50,330.39, Dodaj do koszyka 
2024-09-29 22:10,358.06,330.91, Dodaj do koszyka 
2024-09-30 12:25,354.99,328.06, Dodaj do koszyka 
2024-09-30 17:11,356.20,329.19, Dodaj do koszyka 
2024-09-30 22:11,356.17,329.15, Dodaj do koszyka 
2024-10-01 12:23,360.90,333.54, Dodaj do koszyka 
2024-10-01 17:10,363.84,336.25, Dodaj do koszyka 
2024-10-01 22:11,362.54,335.05, Dodaj do koszyka 
2024-10-02 12:23,361.17,333.78, Dodaj do koszyka 
2024-10-02 17:10,361.85,334.41, Dodaj do koszyka 
2024-10-02 22:12,363.35,335.80, Dodaj do koszyka 
2024-10-03 12:22,362.95,335.42, Dodaj do koszyka 
2024-10-03 17:10,364.97,337.29, Dodaj do koszyka 
2024-10-03 22:11,364.58,336.94, Dodaj do koszyka 
2024-10-04 12:22,365.42,337.71, Dodaj do koszyka 
2024-10-04 17:10,366.36,338.58, Dodaj do koszyka 
2024-10-04 22:11,366.42,338.63, Dodaj do koszyka 
2024-10-05 12:21,366.42,338.63, Dodaj do koszyka 
2024-10-05 17:10,366.42,338.63, Dodaj do koszyka 
2024-10-05 22:11,366.42,338.63, Dodaj do koszyka 
2024-10-06 12:20,366.42,338.63, Dodaj do koszyka 
2024-10-06 17:10,366.42,338.63, Dodaj do koszyka 
2024-10-06 22:10,366.67,338.86, Dodaj do koszyka 
2024-10-07 12:24,367.43,339.56, Dodaj do koszyka 
2024-10-07 17:11,366.01,338.25, Dodaj do koszyka 
2024-10-07 22:11,365.79,338.05, Dodaj do koszyka 
2024-10-08 12:23,365.52,337.80, Dodaj do koszyka 
2024-10-08 17:11,360.27,332.94, Dodaj do koszyka 
2024-10-08 22:11,361.21,333.81, Dodaj do koszyka 
2024-10-09 12:22,361.48,334.06, Dodaj do koszyka 
2024-10-09 17:10,354.86,332.51, Dodaj do koszyka 
2024-10-09 22:11,355.23,332.85, Dodaj do koszyka 
2024-10-10 12:22,356.73,334.26, Dodaj do koszyka 
2024-10-10 17:11,358.01,335.47, Dodaj do koszyka 
2024-10-10 22:11,358.66,336.08, Dodaj do koszyka 
2024-10-11 12:22,359.67,337.03, Dodaj do koszyka 
2024-10-11 17:10,361.39,338.65, Dodaj do koszyka 
2024-10-11 22:10,361.37,338.63, Dodaj do koszyka 
2024-10-12 12:20,361.37,338.63, Dodaj do koszyka 
2024-10-12 17:09,361.37,338.63, Dodaj do koszyka 
2024-10-12 22:10,361.37,338.63, Dodaj do koszyka 
2024-10-13 12:20,361.37,338.63, Dodaj do koszyka 
2024-10-13 17:09,361.37,338.63, Dodaj do koszyka 
2024-10-13 22:10,361.21,338.48, Dodaj do koszyka 
2024-10-14 12:23,361.08,338.35, Dodaj do koszyka 
2024-10-14 17:10,361.55,338.79, Dodaj do koszyka 
2024-10-14 22:12,361.62,338.86, Dodaj do koszyka 
2024-10-15 12:23,361.87,339.09, Dodaj do koszyka 
2024-10-15 17:11,363.48,340.61, Dodaj do koszyka 
2024-10-15 22:11,363.86,340.96, Dodaj do koszyka 
2024-10-16 12:23,366.27,343.23, Dodaj do koszyka 
2024-10-16 17:11,366.59,343.53, Dodaj do koszyka 
2024-10-16 22:11,366.97,343.88, Dodaj do koszyka 
2024-10-17 12:23,368.67,345.48, Dodaj do koszyka 
2024-10-17 17:10,372.00,348.60, Dodaj do koszyka 
2024-10-17 22:11,371.38,348.02, Dodaj do koszyka 
2024-10-18 12:22,373.23,349.75, Dodaj do koszyka 
2024-10-18 17:11,373.28,349.81, Dodaj do koszyka 
2024-10-18 22:11,373.79,350.29, Dodaj do koszyka 
2024-10-19 12:21,373.79,350.29, Dodaj do koszyka 
2024-10-19 17:10,373.79,350.29, Dodaj do koszyka 
2024-10-19 22:11,373.79,350.29, Dodaj do koszyka 
2024-10-20 12:22,373.79,350.29, Dodaj do koszyka 
2024-10-20 17:10,373.79,350.29, Dodaj do koszyka 
2024-10-20 22:11,373.95,350.43, Dodaj do koszyka 
2024-10-21 12:23,377.21,353.49, Dodaj do koszyka 
2024-10-21 17:11,376.77,353.08, Dodaj do koszyka 
2024-10-21 22:11,376.49,352.82, Dodaj do koszyka 
2024-10-22 12:23,378.12,354.35, Dodaj do koszyka 
2024-10-22 17:11,380.64,356.71, Dodaj do koszyka 
2024-10-22 22:12,381.26,357.30, Dodaj do koszyka 
2024-10-23 12:23,384.02,359.88, Dodaj do koszyka 
2024-10-23 17:11,380.43,356.51, Dodaj do koszyka 
2024-10-23 22:11,379.59,355.72, Dodaj do koszyka 
2024-10-24 12:23,381.41,357.44, Dodaj do koszyka 
2024-10-24 17:10,380.84,356.90, Dodaj do koszyka 
2024-10-24 22:11,380.53,356.61, Dodaj do koszyka 
2024-10-25 12:23,379.46,355.61, Dodaj do koszyka 
2024-10-25 17:11,382.03,358.02, Dodaj do koszyka 
2024-10-25 22:11,382.90,358.83, Dodaj do koszyka 
2024-10-26 12:21,382.90,358.83, Dodaj do koszyka 
2024-10-26 17:10,382.90,358.83, Dodaj do koszyka 
2024-10-26 22:10,382.90,358.83, Dodaj do koszyka 
2024-10-27 12:21,382.90,358.83, Dodaj do koszyka 
2024-10-27 17:10,382.90,358.83, Dodaj do koszyka 
2024-10-27 22:11,383.26,359.17, Dodaj do koszyka 
2024-10-28 12:24,380.63,356.70, Dodaj do koszyka 
2024-10-28 17:11,382.11,358.09, Dodaj do koszyka 
2024-10-28 22:11,382.40,358.37, Dodaj do koszyka 
2024-10-29 12:23,384.33,360.18, Dodaj do koszyka 
2024-10-29 17:11,385.64,361.41, Dodaj do koszyka 
2024-10-29 22:11,385.92,361.68, Dodaj do koszyka 
2024-10-30 12:24,386.43,362.15, Dodaj do koszyka 
2024-10-30 17:11,387.26,362.93, Dodaj do koszyka 
2024-10-30 22:11,387.49,363.15, Dodaj do koszyka 
2024-10-31 12:23,385.77,361.53, Dodaj do koszyka 
2024-10-31 17:12,380.83,356.89, Dodaj do koszyka 
2024-10-31 22:11,380.33,356.42, Dodaj do koszyka 
2024-11-01 12:22,382.40,358.36, Dodaj do koszyka 
2024-11-01 17:11,382.05,358.04, Dodaj do koszyka 
2024-11-01 22:11,381.96,357.95, Dodaj do koszyka 
2024-11-02 12:21,381.96,357.95, Dodaj do koszyka 
2024-11-02 17:10,381.96,357.95, Dodaj do koszyka 
2024-11-02 22:11,381.96,357.95, Dodaj do koszyka 
2024-11-03 12:20,381.96,357.95, Dodaj do koszyka 
2024-11-03 17:10,381.96,357.95, Dodaj do koszyka 
2024-11-03 22:12,380.77,356.83, Dodaj do koszyka 
2024-11-04 12:24,378.05,354.29, Dodaj do koszyka 
2024-11-04 17:11,379.35,355.50, Dodaj do koszyka 
2024-11-04 22:11,379.88,356.00, Dodaj do koszyka 
2024-11-05 12:21,380.57,356.64, Dodaj do koszyka 
2024-11-05 17:12,378.84,355.03, Dodaj do koszyka 
2024-11-05 22:11,379.26,355.42, Dodaj do koszyka 
2024-11-06 12:23,382.08,358.05, Dodaj do koszyka 
2024-11-06 17:09,375.20,351.59, Dodaj do koszyka 
2024-11-06 22:12,374.16,350.61, Dodaj do koszyka 
2024-11-07 12:22,372.12,348.70, Dodaj do koszyka 
2024-11-07 17:10,373.59,350.10, Dodaj do koszyka 
2024-11-07 22:10,374.67,351.11, Dodaj do koszyka 
2024-11-08 12:22,373.77,350.26, Dodaj do koszyka 
2024-11-08 17:10,376.72,353.02, Dodaj do koszyka 
2024-11-08 22:11,375.52,351.89, Dodaj do koszyka 
2024-11-09 12:20,375.52,351.89, Dodaj do koszyka 
2024-11-09 17:09,375.52,351.89, Dodaj do koszyka 
2024-11-09 22:10,375.52,351.89, Dodaj do koszyka 
2024-11-10 12:20,375.52,351.89, Dodaj do koszyka 
2024-11-10 17:09,375.52,351.89, Dodaj do koszyka 
2024-11-10 22:10,375.82,352.17, Dodaj do koszyka 
2024-11-11 12:23,375.31,351.69, Dodaj do koszyka 
2024-11-11 17:10,371.09,347.72, Dodaj do koszyka 
2024-11-11 22:11,371.70,348.29, Dodaj do koszyka 
2024-11-12 12:23,370.05,346.74, Dodaj do koszyka 
2024-11-12 17:10,369.49,346.22, Dodaj do koszyka 
2024-11-12 22:11,369.11,345.86, Dodaj do koszyka 
2024-11-13 12:23,369.63,346.35, Dodaj do koszyka 
2024-11-13 17:10,367.87,344.69, Dodaj do koszyka 
2024-11-13 22:11,366.57,343.47, Dodaj do koszyka 
2024-11-14 12:24,364.82,341.82, Dodaj do koszyka 
2024-11-14 17:11,365.43,342.40, Dodaj do koszyka 
2024-11-14 22:11,365.39,342.36, Dodaj do koszyka 
2024-11-15 12:24,363.17,340.28, Dodaj do koszyka 
2024-11-15 17:11,363.33,340.43, Dodaj do koszyka 
2024-11-15 22:12,364.17,341.22, Dodaj do koszyka 
2024-11-16 12:21,364.17,341.22, Dodaj do koszyka 
2024-11-16 17:09,364.17,341.22, Dodaj do koszyka 
2024-11-16 22:11,364.17,341.22, Dodaj do koszyka 
2024-11-17 12:21,364.17,341.22, Dodaj do koszyka 
2024-11-17 17:10,364.17,341.22, Dodaj do koszyka 
2024-11-17 22:11,366.27,343.19, Dodaj do koszyka 
2024-11-18 12:25,369.04,345.79, Dodaj do koszyka 
2024-11-18 17:11,368.37,345.17, Dodaj do koszyka 
2024-11-18 22:11,369.02,345.78, Dodaj do koszyka 
2024-11-19 12:24,374.32,350.75, Dodaj do koszyka 
2024-11-19 17:11,372.79,349.32, Dodaj do koszyka 
2024-11-19 22:11,373.32,349.82, Dodaj do koszyka 
2024-11-20 12:24,374.19,350.63, Dodaj do koszyka 
2024-11-20 17:11,378.92,355.07, Dodaj do koszyka 
2024-11-20 22:11,377.84,354.06, Dodaj do koszyka 
2024-11-21 12:24,381.22,357.23, Dodaj do koszyka 
2024-11-21 17:11,383.03,358.93, Dodaj do koszyka 
2024-11-21 22:11,383.78,359.63, Dodaj do koszyka 
2024-11-22 12:24,389.93,365.41, Dodaj do koszyka 
2024-11-22 17:12,390.72,366.15, Dodaj do koszyka 
2024-11-22 22:11,392.04,367.39, Dodaj do koszyka 
2024-11-23 12:21,392.04,367.39, Dodaj do koszyka 
2024-11-23 17:10,392.04,367.39, Dodaj do koszyka 
2024-11-23 22:11,392.04,367.39, Dodaj do koszyka 
2024-11-24 12:21,392.04,367.39, Dodaj do koszyka 
2024-11-24 17:10,392.04,367.39, Dodaj do koszyka 
2024-11-24 22:11,390.80,366.22, Dodaj do koszyka 
2024-11-25 12:25,383.75,359.60, Dodaj do koszyka 
2024-11-25 17:11,375.84,352.17, Dodaj do koszyka 
2024-11-25 22:12,374.35,350.78, Dodaj do koszyka 
2024-11-26 12:25,373.10,349.61, Dodaj do koszyka 
2024-11-26 17:11,374.45,350.87, Dodaj do koszyka 
2024-11-26 22:11,375.12,351.50, Dodaj do koszyka 
2024-11-27 12:25,376.44,352.75, Dodaj do koszyka 
2024-11-27 17:11,372.43,348.98, Dodaj do koszyka 
2024-11-27 22:12,372.41,348.96, Dodaj do koszyka 
2024-11-28 12:25,374.86,351.26, Dodaj do koszyka 
2024-11-28 17:10,373.74,350.21, Dodaj do koszyka 
2024-11-28 22:12,373.35,349.85, Dodaj do koszyka 
2024-11-29 12:24,375.60,351.97, Dodaj do koszyka 
2024-11-29 17:11,374.88,351.28, Dodaj do koszyka 
2024-11-29 22:11,373.62,350.10, Dodaj do koszyka 
2024-11-30 12:22,373.62,350.10, Dodaj do koszyka 
2024-11-30 17:09,373.62,350.10, Dodaj do koszyka 
2024-11-30 22:11,373.62,350.10, Dodaj do koszyka 
2024-12-01 12:22,373.62,350.10, Dodaj do koszyka 
2024-12-01 17:10,373.62,350.10, Dodaj do koszyka 
2024-12-01 22:11,374.39,350.83, Dodaj do koszyka 
2024-12-02 12:26,373.55,350.03, Dodaj do koszyka 
2024-12-02 17:11,373.96,350.42, Dodaj do koszyka 
2024-12-02 22:12,373.67,350.15, Dodaj do koszyka 
2024-12-03 12:25,373.81,350.28, Dodaj do koszyka 
2024-12-03 17:12,374.33,350.76, Dodaj do koszyka 
2024-12-03 22:12,375.07,351.46, Dodaj do koszyka 
2024-12-04 12:25,374.21,350.65, Dodaj do koszyka 
2024-12-04 17:11,373.19,349.71, Dodaj do koszyka 
2024-12-04 22:12,374.24,350.69, Dodaj do koszyka 
2024-12-05 12:25,372.89,349.42, Dodaj do koszyka 
2024-12-05 17:11,368.10,344.93, Dodaj do koszyka 
2024-12-05 22:12,368.06,344.89, Dodaj do koszyka 
2024-12-06 12:25,369.01,345.78, Dodaj do koszyka 
2024-12-06 17:12,369.68,346.41, Dodaj do koszyka 
2024-12-06 22:12,368.56,345.35, Dodaj do koszyka 
2024-12-07 12:22,368.56,345.35, Dodaj do koszyka 
2024-12-07 17:10,368.56,345.35, Dodaj do koszyka 
2024-12-07 22:11,368.56,345.35, Dodaj do koszyka 
2024-12-08 12:23,368.56,345.35, Dodaj do koszyka 
2024-12-08 17:10,368.56,345.35, Dodaj do koszyka 
2024-12-08 22:11,369.53,346.26, Dodaj do koszyka 
2024-12-09 12:27,371.12,347.76, Dodaj do koszyka 
2024-12-09 17:11,372.49,349.05, Dodaj do koszyka 
2024-12-09 22:12,372.22,348.80, Dodaj do koszyka 
2024-12-10 12:26,376.40,352.72, Dodaj do koszyka 
2024-12-10 17:11,377.99,354.22, Dodaj do koszyka 
2024-12-10 22:12,377.86,354.09, Dodaj do koszyka 
2024-12-11 12:26,378.89,355.06, Dodaj do koszyka 
2024-12-11 17:11,383.04,358.96, Dodaj do koszyka 
2024-12-11 22:12,383.57,359.46, Dodaj do koszyka 
2024-12-12 12:26,382.87,358.80, Dodaj do koszyka 
2024-12-12 17:11,378.14,354.35, Dodaj do koszyka 
2024-12-12 22:12,379.52,355.65, Dodaj do koszyka 
2024-12-13 12:25,376.28,352.60, Dodaj do koszyka 
2024-12-13 17:11,374.57,351.00, Dodaj do koszyka 
2024-12-13 22:11,372.57,349.12, Dodaj do koszyka 
2024-12-14 12:22,372.57,349.12, Dodaj do koszyka 
2024-12-14 17:10,372.57,349.12, Dodaj do koszyka 
2024-12-14 22:11,372.57,349.12, Dodaj do koszyka 
2024-12-15 12:23,372.57,349.12, Dodaj do koszyka 
2024-12-15 17:10,372.57,349.12, Dodaj do koszyka 
2024-12-15 22:11,373.36,349.86, Dodaj do koszyka 
2024-12-16 12:26,374.83,351.24, Dodaj do koszyka 
2024-12-16 17:11,372.14,348.72, Dodaj do koszyka 
2024-12-16 22:11,372.56,349.11, Dodaj do koszyka 
2024-12-17 12:26,371.90,348.49, Dodaj do koszyka 
2024-12-17 17:11,371.29,347.92, Dodaj do koszyka 
2024-12-17 22:12,373.46,349.95, Dodaj do koszyka 
2024-12-18 12:24,372.01,348.60, Dodaj do koszyka 
2024-12-18 17:11,372.18,348.75, Dodaj do koszyka 
2024-12-18 22:12,369.60,346.32, Dodaj do koszyka 
2024-12-19 12:24,369.84,346.55, Dodaj do koszyka 
2024-12-19 17:10,369.24,345.98, Dodaj do koszyka 
2024-12-19 22:11,369.70,346.41, Dodaj do koszyka 
2024-12-20 12:22,370.12,346.81, Dodaj do koszyka 
2024-12-20 17:10,372.08,348.66, Dodaj do koszyka 
2024-12-20 22:11,371.72,348.31, Dodaj do koszyka 
2024-12-21 12:21,371.72,348.31, Dodaj do koszyka 
2024-12-21 17:10,371.72,348.31, Dodaj do koszyka 
2024-12-21 22:10,371.72,348.31, Dodaj do koszyka 
2024-12-22 12:20,371.72,348.31, Dodaj do koszyka 
2024-12-22 17:10,371.72,348.31, Dodaj do koszyka 
2024-12-22 22:10,372.36,348.92, Dodaj do koszyka 
2024-12-23 12:23,373.10,349.61, Dodaj do koszyka 
2024-12-23 17:11,371.30,347.91, Dodaj do koszyka 
2024-12-23 22:11,371.47,348.08, Dodaj do koszyka 
2024-12-24 12:23,372.33,348.89, Dodaj do koszyka 
2024-12-24 17:10,371.71,348.31, Dodaj do koszyka 
2024-12-24 22:11,372.27,348.83, Dodaj do koszyka 
2024-12-25 12:22,371.72,348.31, Dodaj do koszyka 
2024-12-25 17:11,371.72,348.31, Dodaj do koszyka 
2024-12-25 22:10,371.36,347.98, Dodaj do koszyka 
2024-12-26 12:23,373.27,349.76, Dodaj do koszyka 
2024-12-26 17:10,373.07,349.58, Dodaj do koszyka 
2024-12-26 22:11,374.07,350.52, Dodaj do koszyka 
2024-12-27 12:22,373.63,350.10, Dodaj do koszyka 
2024-12-27 17:10,371.50,348.10, Dodaj do koszyka 
2024-12-27 22:10,372.03,348.60, Dodaj do koszyka 
2024-12-28 12:20,372.03,348.60, Dodaj do koszyka 
2024-12-28 17:09,372.03,348.60, Dodaj do koszyka 
2024-12-28 22:10,372.03,348.60, Dodaj do koszyka 
2024-12-29 12:20,372.03,348.60, Dodaj do koszyka 
2024-12-29 17:10,372.03,348.60, Dodaj do koszyka 
2024-12-29 22:10,371.62,348.21, Dodaj do koszyka 
2024-12-30 12:23,370.07,346.77, Dodaj do koszyka 
2024-12-30 17:10,371.09,347.72, Dodaj do koszyka 
2024-12-30 22:11,371.49,348.09, Dodaj do koszyka 
2024-12-31 12:22,371.52,348.12, Dodaj do koszyka 
2024-12-31 17:10,375.98,352.31, Dodaj do koszyka 
2024-12-31 22:10,375.81,352.14, Dodaj do koszyka 
2025-01-01 12:22,375.85,352.18, Dodaj do koszyka 
2025-01-01 17:10,375.85,352.18, Dodaj do koszyka 
2025-01-01 22:11,376.19,352.50, Dodaj do koszyka 
2025-01-02 12:23,378.74,354.90, Dodaj do koszyka 
2025-01-02 17:10,383.58,359.44, Dodaj do koszyka 
2025-01-02 22:11,383.70,359.55, Dodaj do koszyka 
2025-01-03 12:22,382.26,358.20, Dodaj do koszyka 
2025-01-03 17:10,379.58,355.68, Dodaj do koszyka 
2025-01-03 22:10,379.24,355.37, Dodaj do koszyka 
2025-01-04 12:21,379.24,355.37, Dodaj do koszyka 
2025-01-04 17:09,379.24,355.37, Dodaj do koszyka 
2025-01-04 22:10,379.24,355.37, Dodaj do koszyka 
2025-01-05 12:21,379.24,355.37, Dodaj do koszyka 
2025-01-05 17:09,379.24,355.37, Dodaj do koszyka 
2025-01-05 22:10,379.90,355.99, Dodaj do koszyka 
2025-01-06 12:24,374.57,350.99, Dodaj do koszyka 
2025-01-06 17:10,374.62,351.04, Dodaj do koszyka 
2025-01-06 22:11,374.44,350.87, Dodaj do koszyka 
2025-01-07 12:24,375.32,351.70, Dodaj do koszyka 
